-- phpMyAdmin SQL Dump
-- version 5.2.1
-- https://www.phpmyadmin.net/
--
-- Host: 127.0.0.1
-- Generation Time: 27 مارس 2026 الساعة 21:58
-- إصدار الخادم: 10.4.32-MariaDB
-- PHP Version: 8.0.30

SET SQL_MODE = "NO_AUTO_VALUE_ON_ZERO";
START TRANSACTION;
SET time_zone = "+00:00";


/*!40101 SET @OLD_CHARACTER_SET_CLIENT=@@CHARACTER_SET_CLIENT */;
/*!40101 SET @OLD_CHARACTER_SET_RESULTS=@@CHARACTER_SET_RESULTS */;
/*!40101 SET @OLD_COLLATION_CONNECTION=@@COLLATION_CONNECTION */;
/*!40101 SET NAMES utf8mb4 */;

--
-- Database: `u721293045_sam`
--

-- --------------------------------------------------------

--
-- بنية الجدول `business_visits`
--

CREATE TABLE `business_visits` (
  `id` int(11) NOT NULL,
  `serial_number` varchar(11) DEFAULT NULL,
  `export_number` varchar(50) NOT NULL,
  `applicant_name` varchar(255) DEFAULT NULL,
  `national_id` varchar(20) NOT NULL,
  `status` varchar(50) DEFAULT 'قيد المراجعة',
  `is_locked` tinyint(1) DEFAULT 0,
  `created_by_user_id` int(11) DEFAULT NULL,
  `rejection_reason` text DEFAULT NULL,
  `created_at` timestamp NOT NULL DEFAULT current_timestamp(),
  `updated_at` timestamp NOT NULL DEFAULT current_timestamp() ON UPDATE current_timestamp(),
  `printed_count` int(11) DEFAULT 0,
  `profile_photo_path` varchar(255) DEFAULT NULL,
  `phone` varchar(20) DEFAULT NULL,
  `nationality` varchar(100) DEFAULT NULL,
  `arrival_place` varchar(100) DEFAULT NULL,
  `service_number` varchar(100) DEFAULT NULL,
  `service_desc` text DEFAULT NULL,
  `approval_date` date DEFAULT NULL,
  `approval_time` time DEFAULT NULL,
  `attachments` int(11) DEFAULT 0,
  `record_number` varchar(100) DEFAULT NULL,
  `issuance_number` varchar(100) DEFAULT NULL,
  `remarks` text DEFAULT NULL,
  `issuing_authority` varchar(255) DEFAULT 'وزارة الداخلية-الي',
  `hijri_date` varchar(20) DEFAULT NULL,
  `valid_from` date DEFAULT NULL,
  `valid_to` date DEFAULT NULL,
  `visa_no` varchar(100) DEFAULT NULL,
  `issue_date` date DEFAULT NULL,
  `valid_until` date DEFAULT NULL,
  `duration_of_stay` varchar(100) DEFAULT NULL,
  `visa_type` varchar(100) DEFAULT NULL,
  `entry_type` varchar(100) DEFAULT NULL,
  `visa_residence_no` varchar(100) DEFAULT NULL,
  `expiry_date` date DEFAULT NULL,
  `locked_by_user_id` int(11) DEFAULT NULL
) ENGINE=InnoDB DEFAULT CHARSET=utf8mb4 COLLATE=utf8mb4_unicode_ci;

--
-- إرجاع أو استيراد بيانات الجدول `business_visits`
--

INSERT INTO `business_visits` (`id`, `serial_number`, `export_number`, `applicant_name`, `national_id`, `status`, `is_locked`, `created_by_user_id`, `rejection_reason`, `created_at`, `updated_at`, `printed_count`, `profile_photo_path`, `phone`, `nationality`, `arrival_place`, `service_number`, `service_desc`, `approval_date`, `approval_time`, `attachments`, `record_number`, `issuance_number`, `remarks`, `issuing_authority`, `hijri_date`, `valid_from`, `valid_to`, `visa_no`, `issue_date`, `valid_until`, `duration_of_stay`, `visa_type`, `entry_type`, `visa_residence_no`, `expiry_date`, `locked_by_user_id`) VALUES
(3, '7220613104', '373286901534', 'سمير علي محمد علي محمد', '102345678', 'قيد المراجعة', 0, 1, NULL, '2026-03-25 21:16:49', '2026-03-26 14:28:46', 0, 'photo_69c5429eb6fd5.jpg', '', NULL, NULL, '', '', NULL, NULL, 0, '', '', NULL, 'وزارة الداخلية-الي', '', NULL, NULL, '5886908555', '2026-03-26', '2026-05-26', '90 يوم', 'زياره تجاريه', 'متعدد', '2356841368', '2026-03-26', NULL),
(4, '1725478542', '335403928804', 'سمير علي محمد علي محمد', '9685374776', 'تمت الموافقة', 0, 1, NULL, '2026-03-26 14:31:27', '2026-03-27 17:50:53', 0, 'photo_69c6c37db99dd.jpg', '', NULL, NULL, '', '', NULL, NULL, 0, '', '', NULL, 'وزارة الداخلية-الي', '', NULL, NULL, '5886908555', '1447-10-01', '2021-12-03', '90 يوم', 'زيارة سياحية', '7', '45633456346', '2021-12-03', NULL);

-- --------------------------------------------------------

--
-- بنية الجدول `cities`
--

CREATE TABLE `cities` (
  `id` int(11) NOT NULL,
  `country_id` int(11) NOT NULL COMMENT 'معرف الدولة التي تنتمي إليها المدينة (يرتبط بجدول الدول)',
  `name` varchar(255) NOT NULL COMMENT 'اسم المدينة باللغة العربية'
) ENGINE=InnoDB DEFAULT CHARSET=utf8mb4 COLLATE=utf8mb4_unicode_ci COMMENT='جدول المدن المرتبطة بالدول';

--
-- إرجاع أو استيراد بيانات الجدول `cities`
--

INSERT INTO `cities` (`id`, `country_id`, `name`) VALUES
(600, 4, 'أديلايد'),
(598, 4, 'بريزبان'),
(599, 4, 'بيرث'),
(607, 4, 'تاونسفيل'),
(601, 4, 'جولد كوست'),
(606, 4, 'جيلونغ'),
(603, 4, 'داروين'),
(596, 4, 'سيدني'),
(595, 4, 'كانبرا'),
(597, 4, 'ملبورن'),
(604, 4, 'نيوكاسل'),
(602, 4, 'هوبارت'),
(605, 4, 'ولونغونغ'),
(718, 5, 'باميان'),
(717, 5, 'بدخشان'),
(713, 5, 'بغلان'),
(711, 5, 'جلال أباد'),
(715, 5, 'خوست'),
(714, 5, 'غزني'),
(716, 5, 'فراه'),
(708, 5, 'قندهار'),
(712, 5, 'قندوز'),
(707, 5, 'كابل'),
(710, 5, 'مزار شريف'),
(709, 5, 'هرات'),
(471, 7, 'إيسن'),
(463, 7, 'برلين'),
(477, 7, 'بوخوم'),
(470, 7, 'دتموند'),
(473, 7, 'درسدن'),
(469, 7, 'دوسلدورف'),
(476, 7, 'دويسبورغ'),
(468, 7, 'شتوتغارت'),
(467, 7, 'فرانكفورت'),
(466, 7, 'كولونيا'),
(472, 7, 'لايبزيغ'),
(464, 7, 'ميونخ'),
(475, 7, 'نورنبرغ'),
(465, 7, 'هامبورغ'),
(474, 7, 'هانوفر'),
(996, 11, 'أنديجان'),
(1002, 11, 'أورجينتش'),
(995, 11, 'بخارى'),
(1001, 11, 'جيزك'),
(994, 11, 'سمرقند'),
(993, 11, 'طشقند'),
(1000, 11, 'فرغانة'),
(999, 11, 'قرشي'),
(997, 11, 'نمنكان'),
(998, 11, 'نوكوس'),
(1124, 12, 'جينجا'),
(1129, 12, 'سوروتي'),
(1121, 12, 'عنتيبي'),
(1122, 12, 'غولو'),
(1127, 12, 'كاسيسي'),
(1120, 12, 'كمبالا'),
(1123, 12, 'ليرا'),
(1128, 12, 'ماسكة'),
(1125, 12, 'مبارارا'),
(1126, 12, 'موكونو'),
(834, 13, 'أوديسا'),
(833, 13, 'خاركيف'),
(836, 13, 'دنيبرو'),
(837, 13, 'دونيتسك'),
(838, 13, 'زابوريزهيا'),
(839, 13, 'كريفي ريه'),
(832, 13, 'كييف'),
(835, 13, 'لفيف'),
(842, 13, 'لوهانسك'),
(841, 13, 'ماريوبول'),
(840, 13, 'ميكولايف'),
(909, 14, 'براي'),
(901, 14, 'دبلن'),
(906, 14, 'درودا'),
(907, 14, 'دوندالك'),
(908, 14, 'سوردز'),
(904, 14, 'غالواي'),
(902, 14, 'كورك'),
(903, 14, 'ليمرك'),
(910, 14, 'نافان'),
(905, 14, 'واترفورد'),
(741, 15, 'أديس أبابا'),
(746, 15, 'أواسا'),
(745, 15, 'بحر دار'),
(750, 15, 'جيجيجا'),
(747, 15, 'جيما'),
(742, 15, 'ديرة داوا'),
(748, 15, 'ديسي'),
(744, 15, 'غوندار'),
(743, 15, 'ميكيلي'),
(749, 15, 'هرر'),
(501, 17, 'أليكانتي'),
(496, 17, 'إشبيلية'),
(503, 17, 'الما'),
(494, 17, 'برشلونة'),
(500, 17, 'بيلباو'),
(499, 17, 'سرقسطة'),
(498, 17, 'غرناطة'),
(495, 17, 'فالنسيا'),
(506, 17, 'فايادوليد'),
(502, 17, 'قرطبة'),
(504, 17, 'لاس بالماس'),
(493, 17, 'مدريد'),
(497, 17, 'ملقة'),
(505, 17, 'مورسيا'),
(654, 21, 'بادانغ'),
(645, 21, 'بالي'),
(651, 21, 'باليمبانج'),
(647, 21, 'باندونغ'),
(653, 21, 'توقرات'),
(644, 21, 'جاكرتا'),
(652, 21, 'ديبوك'),
(655, 21, 'دينباسار'),
(646, 21, 'سورابايا'),
(649, 21, 'سيمارانغ'),
(650, 21, 'ماكاسار'),
(656, 21, 'ملانغ'),
(648, 21, 'ميدان'),
(701, 22, 'أرومية'),
(695, 22, 'أصفهان'),
(698, 22, 'الأهواز'),
(697, 22, 'تبريز'),
(702, 22, 'رشت'),
(703, 22, 'زاهدان'),
(696, 22, 'شيراز'),
(693, 22, 'طهران'),
(699, 22, 'قم'),
(705, 22, 'كرمان'),
(700, 22, 'كرمنشاه'),
(694, 22, 'مشهد'),
(704, 22, 'همدان'),
(706, 22, 'يزد'),
(482, 23, 'البندقية'),
(491, 23, 'بادوفا'),
(487, 23, 'باري'),
(486, 23, 'باليرمو'),
(484, 23, 'بولونيا'),
(492, 23, 'تارانتو'),
(490, 23, 'ترييستي'),
(481, 23, 'تورينو'),
(485, 23, 'جنوة'),
(478, 23, 'روما'),
(483, 23, 'فلورنسا'),
(489, 23, 'فيرونا'),
(488, 23, 'كاتانيا'),
(479, 23, 'ميلانو'),
(480, 23, 'ناولي'),
(621, 24, 'بوينس آيرس'),
(623, 24, 'روزاريو'),
(631, 24, 'ريسيستينسيا'),
(628, 24, 'سالتا'),
(630, 24, 'سان خوان'),
(626, 24, 'سان ميغيل دي توكومان'),
(629, 24, 'سانتا في'),
(622, 24, 'قرطبة'),
(625, 24, 'لابلاتا'),
(627, 24, 'مار ديل بلاتا'),
(624, 24, 'ميندوزا'),
(156, 25, 'إربد'),
(169, 25, 'البقعة'),
(158, 25, 'البلقاء'),
(168, 25, 'الرمثا'),
(157, 25, 'الزرقاء'),
(167, 25, 'السلط'),
(165, 25, 'الطفيلة'),
(166, 25, 'العقبة'),
(159, 25, 'الكرك'),
(161, 25, 'المفرق'),
(162, 25, 'جرش'),
(170, 25, 'صويلح'),
(163, 25, 'عجلون'),
(11, 25, 'عمان'),
(164, 25, 'مادبا'),
(160, 25, 'معان'),
(171, 25, 'وادي السير'),
(1071, 27, 'بورتوفيخو'),
(1069, 27, 'دوران'),
(1067, 27, 'سانتو دومينغو'),
(1065, 27, 'غواياكيل'),
(1066, 27, 'كوينكا'),
(1064, 27, 'كيتو'),
(1072, 27, 'لوخا'),
(1068, 27, 'ماتشالا'),
(1070, 27, 'مانتا'),
(16, 28, 'أبوظبي'),
(15, 28, 'دبي'),
(81, 29, 'البديع'),
(87, 29, 'البسيتين'),
(94, 29, 'الجسرة'),
(85, 29, 'الحد'),
(89, 29, 'الدراز'),
(77, 29, 'الرفاع'),
(90, 29, 'الزلاق'),
(91, 29, 'السهلة'),
(84, 29, 'المالكية'),
(76, 29, 'المحرق'),
(75, 29, 'المنامة'),
(92, 29, 'توبلي'),
(82, 29, 'جد حفص'),
(88, 29, 'سار'),
(83, 29, 'سترة'),
(93, 29, 'سند'),
(80, 29, 'عالي'),
(86, 29, 'عراد'),
(78, 29, 'مدينة حمد'),
(79, 29, 'مدينة عيسى'),
(608, 30, 'برازيليا'),
(617, 30, 'بورتو أليغري'),
(612, 30, 'بيلو هوريزونتي'),
(618, 30, 'بيليم'),
(616, 30, 'ريسيفي'),
(609, 30, 'ريو دي جانيرو'),
(610, 30, 'ساو باولو'),
(620, 30, 'ساو لويس'),
(611, 30, 'سلفادور'),
(619, 30, 'غويانيا'),
(613, 30, 'فورتاليزا'),
(614, 30, 'كوريتيبا'),
(615, 30, 'ماناوس'),
(860, 31, 'ألمادا'),
(855, 31, 'امادورا'),
(856, 31, 'براغا'),
(854, 31, 'بورتو'),
(859, 31, 'سيتوبال'),
(862, 31, 'غيماريش'),
(858, 31, 'فونشال'),
(861, 31, 'فيسيو'),
(857, 31, 'كيمبرا'),
(853, 31, 'لشبونة'),
(874, 34, 'أوسترافا'),
(877, 34, 'أولوموتس'),
(878, 34, 'إستي ناد لابم'),
(872, 34, 'براغ'),
(873, 34, 'برنو'),
(875, 34, 'بلزن'),
(880, 34, 'تشيسكي بوديوفيتسه'),
(876, 34, 'ليبيريتس'),
(879, 34, 'هرا ديتس كرالوف'),
(352, 36, 'البليدة'),
(348, 36, 'الجزائر'),
(354, 36, 'الجلفة'),
(364, 36, 'المدية'),
(366, 36, 'المسيلة'),
(353, 36, 'باتنة'),
(360, 36, 'بجاية'),
(357, 36, 'بسكرة'),
(363, 36, 'بشار'),
(358, 36, 'تلمسان'),
(361, 36, 'تيارت'),
(355, 36, 'سطيف'),
(359, 36, 'سكيكدة'),
(356, 36, 'سيدي بلعباس'),
(351, 36, 'عنابة'),
(350, 36, 'قسنطينة'),
(365, 36, 'مستغانم'),
(362, 36, 'ورقلة'),
(349, 36, 'وهران'),
(772, 37, 'آرهوس'),
(774, 37, 'ألبورغ'),
(773, 37, 'أودنسه'),
(775, 37, 'اسبيرغ'),
(776, 37, 'راندرس'),
(780, 37, 'روسكيلد'),
(779, 37, 'فاجلي'),
(771, 37, 'كوبنهاغن'),
(777, 37, 'كولدينغ'),
(778, 37, 'هورسنز'),
(1144, 40, 'إمبور'),
(1142, 40, 'توبا'),
(1141, 40, 'تييس'),
(1140, 40, 'داكار'),
(1148, 40, 'ديوربيل'),
(1146, 40, 'روفسك'),
(1147, 40, 'زيغنشور'),
(1145, 40, 'سانت لويس'),
(1143, 40, 'كاولاك'),
(1149, 40, 'لوغا'),
(293, 41, 'أم درمان'),
(297, 41, 'الأبيض'),
(302, 41, 'الجنينة'),
(292, 41, 'الخرطوم'),
(306, 41, 'الدمازين'),
(301, 41, 'الفاشر'),
(300, 41, 'القضارف'),
(294, 41, 'بحري'),
(295, 41, 'بور سودان'),
(305, 41, 'دنقلا'),
(308, 41, 'سنار'),
(304, 41, 'عطبرة'),
(307, 41, 'كادقلي'),
(296, 41, 'كسلا'),
(303, 41, 'كوستي'),
(298, 41, 'نيالا'),
(299, 41, 'ود مدني'),
(754, 42, 'أوبسالا'),
(756, 42, 'أوريبرو'),
(751, 42, 'ستوكهولم'),
(752, 42, 'غوتنبرغ'),
(755, 42, 'فاستيراس'),
(757, 42, 'لينشوبينغ'),
(753, 42, 'مالمو'),
(760, 42, 'نوركوبينغ'),
(758, 42, 'هلسنسبورغ'),
(759, 42, 'يونشوبينغ'),
(388, 43, 'أفجوي'),
(384, 43, 'بربرة'),
(390, 43, 'برعو'),
(389, 43, 'بلد وين'),
(382, 43, 'بوصاصو'),
(387, 43, 'بيدوا'),
(383, 43, 'جالكعيو'),
(385, 43, 'كيسميو'),
(391, 43, 'لاس عانود'),
(386, 43, 'مركا'),
(380, 43, 'مقديشو'),
(381, 43, 'هرجيسا'),
(538, 44, 'بكين'),
(543, 44, 'تشنغدو'),
(544, 44, 'تشونغتشينغ'),
(552, 44, 'تشينغداو'),
(545, 44, 'تيانجين'),
(551, 44, 'داليان'),
(550, 44, 'سوتشو'),
(539, 44, 'شانغهاي'),
(541, 44, 'شنتشن'),
(547, 44, 'شيان'),
(540, 44, 'غوانزو'),
(546, 44, 'نانجينغ'),
(549, 44, 'هاربين'),
(548, 44, 'هانغتشو'),
(542, 44, 'ووهان'),
(175, 45, 'أربيل'),
(179, 45, 'الأنبار'),
(173, 45, 'البصرة'),
(194, 45, 'الرمادي'),
(189, 45, 'السليمانية'),
(196, 45, 'العمارة'),
(193, 45, 'الفلوجة'),
(187, 45, 'القادسية'),
(186, 45, 'المثنى'),
(192, 45, 'الموصل'),
(195, 45, 'الناصرية'),
(176, 45, 'النجف'),
(182, 45, 'بابل'),
(172, 45, 'بغداد'),
(190, 45, 'حلبجة'),
(188, 45, 'دهوك'),
(180, 45, 'ديالى'),
(181, 45, 'ذي قار'),
(191, 45, 'سامراء'),
(185, 45, 'صلاح الدين'),
(177, 45, 'كربلاء'),
(178, 45, 'كركوك'),
(184, 45, 'ميسان'),
(174, 45, 'نينوى'),
(183, 45, 'واسط'),
(14, 48, 'مانيلا'),
(1155, 49, 'بافوسام'),
(1153, 49, 'باميندا'),
(1157, 49, 'بيرتوا'),
(1151, 49, 'دوالا'),
(1152, 49, 'غاروا'),
(1159, 49, 'كونبا'),
(1158, 49, 'لوم'),
(1154, 49, 'ماروا'),
(1156, 49, 'نغاونديري'),
(1150, 49, 'ياوندي'),
(62, 52, 'الأحمدي'),
(64, 52, 'الجهراء'),
(66, 52, 'السالمية'),
(69, 52, 'الفحيحيل'),
(63, 52, 'الفروانية'),
(68, 52, 'القرين'),
(70, 52, 'المنقف'),
(72, 52, 'بيان'),
(61, 52, 'حولي'),
(71, 52, 'سلوى'),
(67, 52, 'صباح السالم'),
(74, 52, 'كيفان'),
(65, 52, 'مبارك الكبير'),
(60, 52, 'مدينة الكويت'),
(73, 52, 'مشرف'),
(863, 54, 'بودابست'),
(867, 54, 'بيكس'),
(868, 54, 'جيور'),
(864, 54, 'ديبريسين'),
(865, 54, 'سيجد'),
(871, 54, 'سيكشفهيرفار'),
(870, 54, 'كيكسكيميت'),
(866, 54, 'ميسكولك'),
(869, 54, 'نييرجهازا'),
(323, 55, 'آسفي'),
(314, 55, 'أكادير'),
(326, 55, 'الجديدة'),
(320, 55, 'الداخلة'),
(310, 55, 'الدار البيضاء'),
(309, 55, 'الرباط'),
(319, 55, 'العيون'),
(317, 55, 'القنيطرة'),
(324, 55, 'المحمدية'),
(328, 55, 'الناظور'),
(327, 55, 'بني ملال'),
(318, 55, 'تطوان'),
(322, 55, 'تمارة'),
(325, 55, 'خريبكة'),
(321, 55, 'سلا'),
(313, 55, 'طنجة'),
(311, 55, 'فاس'),
(312, 55, 'مراكش'),
(315, 55, 'مكناس'),
(316, 55, 'وجدة'),
(1017, 56, 'بويبلا'),
(1021, 56, 'تشيواوا'),
(1018, 56, 'تيخوانا'),
(1023, 56, 'سان لويس بوتوسي'),
(1020, 56, 'سيوداد خواريز'),
(1014, 56, 'غوادالاخارا'),
(1016, 56, 'كانكون'),
(1019, 56, 'ليون'),
(1013, 56, 'مكسيكو سيتي'),
(1015, 56, 'مونتيري'),
(1022, 56, 'ميريدا'),
(4, 57, 'الدمام'),
(1, 57, 'الرياض'),
(2, 57, 'جدة'),
(3, 57, 'مكة'),
(445, 58, 'أكسفورد'),
(436, 58, 'إدنبرة'),
(439, 58, 'برستول'),
(433, 58, 'برمنغهام'),
(443, 58, 'ساوثهامبتون'),
(440, 58, 'شيفيلد'),
(435, 58, 'غلاسكو'),
(438, 58, 'كارديف'),
(446, 58, 'كامبريدج'),
(431, 58, 'لندن'),
(437, 58, 'ليدز'),
(444, 58, 'ليستر'),
(434, 58, 'ليفربول'),
(432, 58, 'مانشستر'),
(442, 58, 'نوتنغهام'),
(441, 58, 'نيوكاسل'),
(761, 59, 'أوسلو'),
(762, 59, 'بيرغن'),
(767, 59, 'ترومسو'),
(763, 59, 'تروندهايم'),
(769, 59, 'درامن'),
(770, 59, 'ساربسبورغ'),
(768, 59, 'ساندنيس'),
(764, 59, 'ستافنجر'),
(766, 59, 'فريدريكستاد'),
(765, 59, 'كريستيانساند'),
(816, 60, 'إنسبروك'),
(821, 60, 'دورنبيرن'),
(813, 60, 'سالزبورغ'),
(820, 60, 'سانت بولتن'),
(814, 60, 'غراتس'),
(818, 60, 'فيلاخ'),
(819, 60, 'فيلز'),
(812, 60, 'فيينا'),
(817, 60, 'كلاغنفورت'),
(815, 60, 'لينز'),
(573, 62, 'أحمد أباد'),
(580, 62, 'إندور'),
(581, 62, 'باتنا'),
(569, 62, 'بنغالور'),
(574, 62, 'بوني'),
(576, 62, 'جايبور'),
(572, 62, 'حيدر أباد'),
(12, 62, 'دلهي'),
(575, 62, 'سورات'),
(570, 62, 'شيناي'),
(578, 62, 'كانبور'),
(571, 62, 'كلكتا'),
(577, 62, 'لوكنو'),
(568, 62, 'مومباي'),
(579, 62, 'ناغبور'),
(567, 62, 'نيودلهي'),
(424, 63, 'أطلنطا'),
(429, 63, 'أوستن'),
(420, 63, 'بوسطن'),
(414, 63, 'تكساس'),
(427, 63, 'دالاس'),
(430, 63, 'ديترويت'),
(428, 63, 'سان دييغو'),
(422, 63, 'سان فرانسيسكو'),
(421, 63, 'سياتل'),
(416, 63, 'شيكاغو'),
(415, 63, 'فلوريدا'),
(426, 63, 'فيلادلفيا'),
(425, 63, 'فينيكس'),
(413, 63, 'كاليفورنيا'),
(423, 63, 'لاس فيغاس'),
(418, 63, 'لوس أنجلوس'),
(419, 63, 'ميامي'),
(412, 63, 'نيويورك'),
(417, 63, 'هيوستن'),
(411, 63, 'واشنطن'),
(554, 64, 'أوساكا'),
(562, 64, 'سايتاما'),
(558, 64, 'سوبورو'),
(564, 64, 'سينداي'),
(566, 64, 'شيبا'),
(553, 64, 'طوكيو'),
(560, 64, 'فوكوكا'),
(561, 64, 'كاواساكي'),
(559, 64, 'كوبي'),
(565, 64, 'كيتاكيوشو'),
(555, 64, 'كيوتو'),
(557, 64, 'ناغويا'),
(563, 64, 'هيروشيما'),
(556, 64, 'يوكوهاما'),
(255, 65, 'أبين'),
(253, 65, 'إب'),
(257, 65, 'البيضاء'),
(259, 65, 'الجوف'),
(252, 65, 'الحديدة'),
(268, 65, 'الضالع'),
(261, 65, 'المحويت'),
(270, 65, 'المكلا'),
(260, 65, 'المهرة'),
(251, 65, 'تعز'),
(263, 65, 'حجة'),
(254, 65, 'حضرموت'),
(262, 65, 'ذمار'),
(266, 65, 'ريمة'),
(272, 65, 'زنجبار'),
(269, 65, 'سقطرى'),
(271, 65, 'سيئون'),
(258, 65, 'شبوة'),
(265, 65, 'صعدة'),
(7, 65, 'صنعاء'),
(273, 65, 'عتق'),
(8, 65, 'عدن'),
(267, 65, 'عمران'),
(256, 65, 'لحج'),
(264, 65, 'مأرب'),
(822, 66, 'أثينا'),
(824, 66, 'باتراس'),
(830, 66, 'بيريوس'),
(831, 66, 'رودس'),
(823, 66, 'سالونيك'),
(829, 66, 'غليفاذا'),
(827, 66, 'فولوس'),
(826, 66, 'لاريسا'),
(825, 66, 'هيراكليون'),
(828, 66, 'يوغينا'),
(1082, 68, 'أسونسيون'),
(1084, 68, 'سان لورينزو'),
(1083, 68, 'سيوداد ديل استي'),
(1088, 68, 'فرناندو دي لا مورا'),
(1086, 68, 'كابياتا'),
(1087, 68, 'لامباري'),
(1085, 68, 'لوكي'),
(1089, 68, 'ليمبيو'),
(1090, 68, 'نيمبي'),
(681, 69, 'إسلام أباد'),
(691, 69, 'بهاوالبور'),
(687, 69, 'بيشاور'),
(686, 69, 'حيدر أباد'),
(683, 69, 'روالبندي'),
(692, 69, 'سرغودها'),
(690, 69, 'سيالكوت'),
(689, 69, 'غوجرانوالا'),
(684, 69, 'فيصل أباد'),
(13, 69, 'كراتشي'),
(688, 69, 'كويتا'),
(682, 69, 'لاهور'),
(685, 69, 'ملتان'),
(793, 73, 'أنتويرب'),
(801, 73, 'أوستند'),
(797, 73, 'بروج'),
(792, 73, 'بروكسل'),
(795, 73, 'شارلروا'),
(794, 73, 'غنت'),
(799, 73, 'لوفان'),
(796, 73, 'لييج'),
(800, 73, 'مونس'),
(798, 73, 'نامور'),
(930, 74, 'بلوفديف'),
(935, 74, 'بليفين'),
(932, 74, 'بورغاس'),
(937, 74, 'دوبيتش'),
(933, 74, 'روسه'),
(934, 74, 'ستارا زاغورا'),
(936, 74, 'سليفن'),
(929, 74, 'صوفيا'),
(931, 74, 'فارنا'),
(847, 83, 'بوزنان'),
(850, 83, 'بيدغوشتش'),
(849, 83, 'شتشين'),
(848, 83, 'غدانسك'),
(846, 83, 'فروتسواف'),
(852, 83, 'كاتوفيتشي'),
(844, 83, 'كراكوف'),
(851, 83, 'لوبلين'),
(843, 83, 'وارسو'),
(845, 83, 'ودج'),
(1096, 84, 'أورورو'),
(1094, 84, 'إل ألتو'),
(1098, 84, 'بوتوسي'),
(1097, 84, 'تاريخا'),
(1093, 84, 'سانتا كروز'),
(1092, 84, 'سوكري'),
(1095, 84, 'كوتشابامبا'),
(1091, 84, 'لاباز'),
(1099, 84, 'مونتيرو'),
(1045, 85, 'أريكيبا'),
(1049, 85, 'إكيتوس'),
(1048, 85, 'بيورا'),
(1053, 85, 'تاكنا'),
(1046, 85, 'تروخيو'),
(1047, 85, 'تشيكلايو'),
(1051, 85, 'شيومبوت'),
(1050, 85, 'كوسكو'),
(1044, 85, 'ليما'),
(1052, 85, 'هوانكايو'),
(663, 87, 'ايوتثايا'),
(668, 87, 'باك كريت'),
(657, 87, 'بانكوك'),
(658, 87, 'بوكيت'),
(659, 87, 'تايا'),
(664, 87, 'ساموي'),
(666, 87, 'شيانغ راي'),
(660, 87, 'شيانغ ماي'),
(665, 87, 'كانشانابوري'),
(661, 87, 'كرابي'),
(667, 87, 'نونثابوري'),
(662, 87, 'هوا هين'),
(952, 88, 'تاويون'),
(951, 88, 'تاي شانغ'),
(948, 88, 'تايبيه'),
(949, 88, 'تاينان'),
(956, 88, 'تشانغ هوا'),
(953, 88, 'سين شو'),
(955, 88, 'شيا يي'),
(950, 88, 'كاوهسيونغ'),
(954, 88, 'كيشونغ'),
(520, 90, 'أسكي شهر'),
(512, 90, 'أضنة'),
(510, 90, 'أنطاليا'),
(507, 90, 'أنقرة'),
(509, 90, 'إزمير'),
(508, 90, 'إسطنبول'),
(511, 90, 'بورصة'),
(517, 90, 'ديار بكر'),
(519, 90, 'سامسون'),
(521, 90, 'شانلي أورفا'),
(513, 90, 'طرابزون'),
(515, 90, 'غزي عنتاب'),
(514, 90, 'قونية'),
(518, 90, 'قيصري'),
(516, 90, 'مرسين'),
(522, 90, 'ملطية'),
(1043, 93, 'أريكا'),
(1038, 93, 'أنتوفاجاستا'),
(1041, 93, 'إيكيكه'),
(1042, 93, 'تالكا'),
(1039, 93, 'تيموكو'),
(1040, 93, 'رانسوا'),
(1034, 93, 'سانتياغو'),
(1035, 93, 'فالبارايسو'),
(1036, 93, 'كونسيبسيون'),
(1037, 93, 'لا سيرينا'),
(1112, 94, 'أرusha'),
(1116, 94, 'تانجا'),
(1111, 94, 'دار السلام'),
(1110, 94, 'دودوما'),
(1117, 94, 'زنجبار'),
(1119, 94, 'سونجيا'),
(1118, 94, 'ك Kigoma'),
(1114, 94, 'مبييا'),
(1113, 94, 'موانزا'),
(1115, 94, 'موروغورو'),
(335, 97, 'أريانة'),
(336, 97, 'القصرين'),
(332, 97, 'القيروان'),
(345, 97, 'الكاف'),
(338, 97, 'المنستير'),
(343, 97, 'باجة'),
(339, 97, 'بن عروس'),
(333, 97, 'بنزرت'),
(342, 97, 'تطاوين'),
(347, 97, 'توزر'),
(329, 97, 'تونس'),
(344, 97, 'جندوبة'),
(331, 97, 'سوسة'),
(346, 97, 'سيدي بوزيد'),
(330, 97, 'صفاقس'),
(334, 97, 'قابس'),
(337, 97, 'قفصة'),
(340, 97, 'مدنين'),
(341, 97, 'نابل'),
(408, 101, 'تسيمبيو'),
(405, 101, 'دوموني'),
(407, 101, 'سيلي'),
(404, 101, 'فومبوني'),
(410, 101, 'مبيني'),
(403, 101, 'موتسامودو'),
(402, 101, 'موروني'),
(406, 101, 'ميرماني'),
(409, 101, 'نيوماشوا'),
(725, 106, 'إيست لندن'),
(719, 106, 'بريتوريا'),
(724, 106, 'بلومفونتين'),
(723, 106, 'بورت إليزابيث'),
(728, 106, 'بولوكوان'),
(721, 106, 'جوهانسبرغ'),
(722, 106, 'ديربان'),
(720, 106, 'كيب تاون'),
(726, 106, 'كيمبرلي'),
(727, 106, 'نيلسبرويت'),
(397, 109, 'ARTA'),
(396, 109, 'أوبوك'),
(394, 109, 'تاجورة'),
(392, 109, 'جيبوتي'),
(399, 109, 'خوغبتا'),
(395, 109, 'دخيل'),
(393, 109, 'علي صبيح'),
(400, 109, 'غالافي'),
(398, 109, 'ملاح'),
(401, 109, 'يامبو'),
(1182, 111, 'بوتاري'),
(1188, 111, 'بويغا'),
(1185, 111, 'بيومبا'),
(1183, 111, 'روهينغيري'),
(1186, 111, 'سيانغوغو'),
(1181, 111, 'غيتاراما'),
(1184, 111, 'غيسيني'),
(1189, 111, 'كيبوي'),
(1180, 111, 'كيغالي'),
(1187, 111, 'نيانزا'),
(534, 112, 'أوفا'),
(531, 112, 'أومسك'),
(536, 112, 'بيرم'),
(532, 112, 'تشيليابينسك'),
(533, 112, 'روستوف'),
(530, 112, 'سامارا'),
(524, 112, 'سانت بطرسبرغ'),
(526, 112, 'سوتشي'),
(535, 112, 'فولغوغراد'),
(525, 112, 'قازان'),
(537, 112, 'كراسنويارسك'),
(523, 112, 'موسكو'),
(527, 112, 'نوفوسيبيرسك'),
(529, 112, 'نيجني نوفغورود'),
(528, 112, 'يكاترينبورغ'),
(890, 113, 'أوراديا'),
(887, 113, 'براشوف'),
(889, 113, 'بلويشت'),
(881, 113, 'بوخارست'),
(883, 113, 'تيميشوارا'),
(888, 113, 'غالاتس'),
(886, 113, 'كرايوفا'),
(882, 113, 'كلوج نابوكا'),
(885, 113, 'كونستانتسا'),
(884, 113, 'ياش'),
(992, 122, 'أنورادهابورا'),
(989, 122, 'باتيكالوا'),
(990, 122, 'ترينكومالي'),
(986, 122, 'جافنا'),
(987, 122, 'غالي'),
(985, 122, 'كاندي'),
(991, 122, 'كورونيغالا'),
(984, 122, 'كولمبو'),
(988, 122, 'نيجومبو'),
(973, 126, 'أنج مو كيو'),
(970, 126, 'بيدوك'),
(974, 126, 'بيشان'),
(972, 126, 'تامبينيس'),
(968, 126, 'توبايو'),
(967, 126, 'جورونغ'),
(966, 126, 'سنغافورة'),
(971, 126, 'سينغكانغ'),
(969, 126, 'ييشون'),
(202, 127, 'إدلب'),
(211, 127, 'البوكمال'),
(207, 127, 'الحسكة'),
(208, 127, 'الرقة'),
(204, 127, 'السويداء'),
(209, 127, 'القامشلي'),
(205, 127, 'القنيطرة'),
(200, 127, 'اللاذقية'),
(214, 127, 'بانياس'),
(213, 127, 'جبلة'),
(10, 127, 'حلب'),
(199, 127, 'حماة'),
(198, 127, 'حمص'),
(203, 127, 'درعا'),
(9, 127, 'دمشق'),
(206, 127, 'دير الزور'),
(197, 127, 'ريف دمشق'),
(201, 127, 'طرطوس'),
(212, 127, 'عفرين'),
(210, 127, 'منبج'),
(805, 129, 'بازل'),
(802, 129, 'بيرن'),
(810, 129, 'بيل'),
(804, 129, 'جنيف'),
(803, 129, 'زيورخ'),
(809, 129, 'سانت غالن'),
(811, 129, 'فينترتور'),
(806, 129, 'لوزان'),
(808, 129, 'لوسرن'),
(807, 129, 'لوغانو'),
(917, 132, 'بانتشيفو'),
(911, 132, 'بلغراد'),
(918, 132, 'تشاتشاك'),
(916, 132, 'زرنيانين'),
(915, 132, 'سوبوتيتسا'),
(914, 132, 'كراغويفاتش'),
(919, 132, 'كرالييفو'),
(912, 132, 'نوفي ساد'),
(913, 132, 'نيس'),
(1134, 135, 'أشيمان'),
(1130, 135, 'أكرا'),
(1138, 135, 'أوبواسي'),
(1133, 135, 'تاكورادي'),
(1132, 135, 'تامالي'),
(1136, 135, 'تيشي'),
(1135, 135, 'تيما'),
(1139, 135, 'كوفوريدوا'),
(1131, 135, 'كوماسي'),
(1137, 135, 'كيب كوست'),
(447, 143, 'باريس'),
(452, 143, 'بوردو'),
(450, 143, 'تولوز'),
(460, 143, 'تولون'),
(462, 143, 'ديجون'),
(457, 143, 'رين'),
(459, 143, 'سانت إتيان'),
(454, 143, 'ستراسبورغ'),
(461, 143, 'غرينوبل'),
(458, 143, 'لو هافر'),
(453, 143, 'ليل'),
(449, 143, 'ليون'),
(448, 143, 'مارسيليا'),
(456, 143, 'مونبلييه'),
(455, 143, 'نانت'),
(451, 143, 'نيس'),
(242, 144, 'أريحا'),
(236, 144, 'الخليل'),
(233, 144, 'القدس'),
(248, 144, 'بيت حانون'),
(249, 144, 'بيت لاهيا'),
(239, 144, 'بيت لحم'),
(250, 144, 'جباليا'),
(238, 144, 'جنين'),
(245, 144, 'خان يونس'),
(247, 144, 'دير البلح'),
(235, 144, 'رام الله'),
(246, 144, 'رفح'),
(243, 144, 'سلفيت'),
(244, 144, 'طوباس'),
(240, 144, 'طولكرم'),
(234, 144, 'غزة'),
(241, 144, 'قلقيية'),
(237, 144, 'نابلس'),
(1057, 145, 'باركيسيميتو'),
(1062, 145, 'برشلونة'),
(1061, 145, 'سان كريستوبال'),
(1059, 145, 'سيوداد غيانا'),
(1056, 145, 'فالنسيا'),
(1054, 145, 'كاراكاس'),
(1063, 145, 'كومانا'),
(1060, 145, 'ماتورين'),
(1058, 145, 'ماراكاي'),
(1055, 145, 'ماراكايبو'),
(895, 146, 'أولو'),
(892, 146, 'إسبو'),
(900, 146, 'بوري'),
(893, 146, 'تامبيري'),
(896, 146, 'توركو'),
(894, 146, 'فانتا'),
(899, 146, 'كوبيو'),
(898, 146, 'لاهتي'),
(891, 146, 'هلسنكي'),
(897, 146, 'يوفاسكولا'),
(945, 147, 'بون ما ثوت'),
(943, 147, 'بيان هوا'),
(940, 147, 'دا نانغ'),
(947, 147, 'فان ثيت'),
(942, 147, 'كان Tho'),
(944, 147, 'نها ترانج'),
(938, 147, 'هانوي'),
(941, 147, 'هايفونغ'),
(939, 147, 'هو تشي منه'),
(946, 147, 'هوى'),
(100, 150, 'أم صلال'),
(109, 150, 'الجميلية'),
(98, 150, 'الخور'),
(107, 150, 'الخيسة'),
(95, 150, 'الدوحة'),
(104, 150, 'الرويس'),
(96, 150, 'الريان'),
(99, 150, 'الشمال'),
(101, 150, 'الظعاين'),
(108, 150, 'الغويرية'),
(106, 150, 'اللؤلؤة'),
(97, 150, 'الوكرة'),
(103, 150, 'دخان'),
(105, 150, 'لوسيل'),
(102, 150, 'مسيعيد'),
(1012, 152, 'أتيراو'),
(1007, 152, 'أكتوبي'),
(1004, 152, 'ألماتي'),
(1010, 152, 'أوسكمان'),
(1009, 152, 'بافلودار'),
(1008, 152, 'تاراز'),
(1011, 152, 'سيماي'),
(1005, 152, 'شيمكنت'),
(1006, 152, 'قراغندي'),
(1003, 152, 'نور سلطان'),
(923, 153, 'أوسييك'),
(927, 153, 'بولا'),
(922, 153, 'رييكا'),
(924, 153, 'زادار'),
(920, 153, 'زغرب'),
(921, 153, 'سبليت'),
(926, 153, 'سلافونسكي برود'),
(925, 153, 'فيليكا غوريتسا'),
(928, 153, 'كارلوفاتش'),
(582, 155, 'أوتاوا'),
(587, 155, 'إدمونتون'),
(583, 155, 'تورونتو'),
(594, 155, 'ريجينا'),
(593, 155, 'ساسكاتون'),
(585, 155, 'فانكوفر'),
(592, 155, 'فيكتوريا'),
(586, 155, 'كالجاري'),
(588, 155, 'كيبيك'),
(584, 155, 'مونتريال'),
(591, 155, 'هاليفاكس'),
(590, 155, 'هاميلتون'),
(589, 155, 'وينيبيغ'),
(1033, 162, 'إيباغيه'),
(1027, 162, 'بارانكيا'),
(1024, 162, 'بوغوتا'),
(1030, 162, 'بوكارامانغا'),
(1031, 162, 'بيريرا'),
(1032, 162, 'سانتا ماريا'),
(1028, 162, 'قرطاجنة'),
(1026, 162, 'كالي'),
(1029, 162, 'كوكوتا'),
(1025, 162, 'ميديلين'),
(1104, 164, 'إلدوريت'),
(1109, 164, 'غاريسا'),
(1105, 164, 'كيتهي'),
(1102, 164, 'كيسومو'),
(1106, 164, 'ماتشاكوس'),
(1101, 164, 'مومباسا'),
(1107, 164, 'ميرو'),
(1103, 164, 'ناكورور'),
(1100, 164, 'نيروبي'),
(1108, 164, 'نييري'),
(229, 167, 'البترون'),
(219, 167, 'البقاع'),
(218, 167, 'الجنوب'),
(217, 167, 'الشمال'),
(232, 167, 'الشوف'),
(220, 167, 'النبطية'),
(231, 167, 'بعبدا'),
(221, 167, 'بعلبك الهرمل'),
(215, 167, 'بيروت'),
(216, 167, 'جبل لبنان'),
(228, 167, 'جبيل'),
(227, 167, 'جونيه'),
(226, 167, 'زحلة'),
(225, 167, 'صور'),
(224, 167, 'صيدا'),
(223, 167, 'طرابلس'),
(230, 167, 'عاليه'),
(222, 167, 'عكار'),
(288, 169, 'إجدابيا'),
(277, 169, 'البيضاء'),
(281, 169, 'الخمس'),
(278, 169, 'الزاوية'),
(289, 169, 'المرج'),
(275, 169, 'بنغازي'),
(291, 169, 'بني وليد'),
(290, 169, 'ترهونة'),
(282, 169, 'درنة'),
(284, 169, 'زليتن'),
(280, 169, 'سبها'),
(283, 169, 'سرت'),
(287, 169, 'شحات'),
(285, 169, 'صبراتة'),
(279, 169, 'طبرق'),
(274, 169, 'طرابلس'),
(286, 169, 'غريان'),
(276, 169, 'مصراتة'),
(636, 177, 'إيبوه'),
(641, 177, 'بيتالينغ جايا'),
(633, 177, 'بينانج'),
(634, 177, 'جوهر بهرو'),
(642, 177, 'سرمبان'),
(640, 177, 'شاه عالم'),
(643, 177, 'كلانتان'),
(632, 177, 'كوالالمبور'),
(639, 177, 'كوتا كينابالو'),
(638, 177, 'كوتشينغ'),
(635, 177, 'لنكاوي'),
(637, 177, 'ملاكا'),
(147, 179, 'أسوان'),
(143, 179, 'أسيوط'),
(146, 179, 'الأقصر'),
(6, 179, 'الإسكندرية'),
(137, 179, 'الإسماعيلية'),
(148, 179, 'البحر الأحمر'),
(133, 179, 'البحيرة'),
(128, 179, 'الجيزة'),
(129, 179, 'الدقهلية'),
(153, 179, 'السادس من أكتوبر'),
(138, 179, 'السويس'),
(130, 179, 'الشرقية'),
(154, 179, 'العاشر من رمضان'),
(134, 179, 'الغربية'),
(140, 179, 'الفيوم'),
(5, 179, 'القاهرة'),
(132, 179, 'القليوبية'),
(131, 179, 'المنوفية'),
(142, 179, 'المنيا'),
(149, 179, 'الوادي الجديد'),
(141, 179, 'بني سويف'),
(135, 179, 'بور سعيد'),
(152, 179, 'جنوب سيناء'),
(136, 179, 'دمياط'),
(144, 179, 'سوهاج'),
(155, 179, 'شبرا الخيمة'),
(151, 179, 'شمال سيناء'),
(145, 179, 'قنا'),
(139, 179, 'كفر الشيخ'),
(150, 179, 'مطروح'),
(372, 182, 'أطار'),
(379, 182, 'ألاك'),
(371, 182, 'الزويرات'),
(377, 182, 'العيون'),
(375, 182, 'النعمة'),
(374, 182, 'بوتلميت'),
(373, 182, 'بوكي'),
(378, 182, 'تجكجة'),
(370, 182, 'روصو'),
(376, 182, 'سيلبابي'),
(369, 182, 'كيفة'),
(368, 182, 'نواذيبو'),
(367, 182, 'نواكشوط'),
(977, 191, 'باتان'),
(981, 191, 'بهاراتبور'),
(976, 191, 'بوخارا'),
(978, 191, 'بيراتناغار'),
(979, 191, 'بييرغنج'),
(982, 191, 'جانكبور'),
(980, 191, 'دهاران'),
(983, 191, 'دهانغادهي'),
(975, 191, 'كاتماندو'),
(729, 192, 'أبوجا'),
(732, 192, 'إبادان'),
(739, 192, 'إيلورين'),
(734, 192, 'بنلو'),
(733, 192, 'بورت هاركورت'),
(740, 192, 'جوس'),
(736, 192, 'زاريا'),
(737, 192, 'كادونا'),
(731, 192, 'كانو'),
(730, 192, 'لاغوس'),
(735, 192, 'مايدوغوري'),
(738, 192, 'وارري'),
(1191, 194, 'أوكلاند'),
(1197, 194, 'بالمرستون نورث'),
(1194, 194, 'تاورانجا'),
(1196, 194, 'دنيدن'),
(1199, 194, 'روتوروا'),
(1192, 194, 'كرايستشيرش'),
(1195, 194, 'نابير'),
(1198, 194, 'نيلسون'),
(1193, 194, 'هاميلتون'),
(1190, 194, 'ويلينغتون'),
(791, 197, 'أبلدورن'),
(788, 197, 'ألمير'),
(781, 197, 'أمستردام'),
(784, 197, 'أوتريخت'),
(785, 197, 'أيندهوفن'),
(789, 197, 'بريدا'),
(786, 197, 'تيلبورغ'),
(787, 197, 'جرونينجن'),
(782, 197, 'روتردام'),
(783, 197, 'لاهاي'),
(790, 197, 'نايميخن'),
(24, 198, 'أبها'),
(35, 198, 'الأحساء'),
(28, 198, 'الباحة'),
(34, 198, 'الجبيل'),
(29, 198, 'الجوف'),
(38, 198, 'الحفر'),
(22, 198, 'الخبر'),
(21, 198, 'الدمام'),
(42, 198, 'الرس'),
(17, 198, 'الرياض'),
(31, 198, 'الطائف'),
(39, 198, 'الظهران'),
(32, 198, 'القصيم'),
(36, 198, 'القطيف'),
(20, 198, 'المدينة المنورة'),
(40, 198, 'بريدة'),
(44, 198, 'بيشة'),
(23, 198, 'تبوك'),
(26, 198, 'جازان'),
(18, 198, 'جدة'),
(25, 198, 'حائل'),
(37, 198, 'خميس مشيط'),
(43, 198, 'سكاكا'),
(30, 198, 'عرعر'),
(41, 198, 'عنيزة'),
(19, 198, 'مكة المكرمة'),
(27, 198, 'نجران'),
(33, 198, 'ينبع'),
(45, 199, 'أبوظبي'),
(49, 199, 'أم القيوين'),
(57, 199, 'الذيد'),
(59, 199, 'الرويس'),
(47, 199, 'الشارقة'),
(53, 199, 'الظفرة'),
(52, 199, 'العين'),
(51, 199, 'الفجيرة'),
(58, 199, 'حتا'),
(54, 199, 'خورفكان'),
(55, 199, 'دبا الحصن'),
(46, 199, 'دبي'),
(50, 199, 'رأس الخيمة'),
(48, 199, 'عجمان'),
(56, 199, 'كلباء'),
(125, 200, 'إبرا'),
(113, 200, 'البريمي'),
(114, 200, 'الداخلية'),
(119, 200, 'الظاهرة'),
(120, 200, 'الوسطى'),
(116, 200, 'جنوب الباطنة'),
(117, 200, 'جنوب الشرقية'),
(127, 200, 'خصب'),
(115, 200, 'شمال الباطنة'),
(118, 200, 'شمال الشرقية'),
(121, 200, 'صحار'),
(123, 200, 'صلالة'),
(124, 200, 'صور'),
(111, 200, 'ظفار'),
(110, 200, 'مسقط'),
(112, 200, 'مسندم'),
(122, 200, 'نزوى'),
(126, 200, 'هيما'),
(676, 201, 'أولسان'),
(671, 201, 'إنتشون'),
(670, 201, 'بوسان'),
(677, 201, 'تشانغوون'),
(672, 201, 'دايجو'),
(673, 201, 'دايجون'),
(675, 201, 'سوون'),
(669, 201, 'سيول'),
(680, 201, 'سيونغنام'),
(674, 201, 'غوانغجو'),
(678, 201, 'غويانغ'),
(679, 201, 'يونجين'),
(962, 202, 'تاي بو'),
(961, 202, 'توين مون'),
(960, 202, 'شاتين'),
(964, 202, 'فانلينغ'),
(959, 202, 'فيكتوريا'),
(958, 202, 'كولون'),
(965, 202, 'كوون تونغ'),
(957, 202, 'هونغ كونغ'),
(963, 202, 'يون لونغ'),
(1075, 203, 'بايساندو'),
(1079, 203, 'تاكواريمبو'),
(1077, 203, 'ريفيرا'),
(1074, 203, 'سالتو'),
(1076, 203, 'لاس بيدراس'),
(1078, 203, 'مالدونادو'),
(1081, 203, 'مرسيدس'),
(1073, 203, 'مونتيفيديو'),
(1080, 203, 'ميلو'),
(1161, 204, 'أبيدجان'),
(1167, 204, 'أنياما'),
(1162, 204, 'بواكي'),
(1163, 204, 'دالوا'),
(1165, 204, 'ديفو'),
(1164, 204, 'سان بيدرو'),
(1169, 204, 'غagnoa'),
(1166, 204, 'كوروهوغو'),
(1168, 204, 'مان'),
(1160, 204, 'ياموسوكرو'),
(1174, 205, 'إيبوورث'),
(1171, 205, 'بولاوايو'),
(1172, 205, 'شيتونغويزا'),
(1179, 205, 'شينهوي'),
(1175, 205, 'غويرو'),
(1177, 205, 'كادوما'),
(1176, 205, 'كويكوي'),
(1178, 205, 'ماسينغو'),
(1173, 205, 'موتاري'),
(1170, 205, 'هراري');

-- --------------------------------------------------------

--
-- بنية الجدول `civil_affairs_requests`
--

CREATE TABLE `civil_affairs_requests` (
  `id` int(11) NOT NULL,
  `serial_number` varchar(11) DEFAULT NULL,
  `export_number` varchar(50) NOT NULL,
  `applicant_name` varchar(255) DEFAULT NULL,
  `national_id` varchar(20) NOT NULL,
  `phone` varchar(20) DEFAULT NULL,
  `transaction_number` varchar(50) DEFAULT NULL,
  `nationality` varchar(100) DEFAULT NULL,
  `issue_date` date DEFAULT NULL,
  `issuing_authority` varchar(100) DEFAULT 'وزارة الداخلية - الأحوال المدنية',
  `status` varchar(50) DEFAULT 'قيد المراجعة',
  `is_locked` tinyint(1) DEFAULT 0,
  `created_by_user_id` int(11) DEFAULT NULL,
  `rejection_reason` text DEFAULT NULL,
  `created_at` timestamp NOT NULL DEFAULT current_timestamp(),
  `updated_at` timestamp NOT NULL DEFAULT current_timestamp() ON UPDATE current_timestamp(),
  `printed_count` int(11) DEFAULT 0,
  `profile_photo_path` varchar(255) DEFAULT NULL,
  `locked_by_user_id` int(11) DEFAULT NULL
) ENGINE=InnoDB DEFAULT CHARSET=utf8mb4 COLLATE=utf8mb4_unicode_ci;

--
-- إرجاع أو استيراد بيانات الجدول `civil_affairs_requests`
--

INSERT INTO `civil_affairs_requests` (`id`, `serial_number`, `export_number`, `applicant_name`, `national_id`, `phone`, `transaction_number`, `nationality`, `issue_date`, `issuing_authority`, `status`, `is_locked`, `created_by_user_id`, `rejection_reason`, `created_at`, `updated_at`, `printed_count`, `profile_photo_path`, `locked_by_user_id`) VALUES
(5, '9128670385', '19001283003', 'jsdfh h h h', '76867576576', '0568657865', '785765876', 'جزر أولاند', '1447-10-08', 'وزارة الداخلية - الأحوال المدنية', 'قيد المراجعة', 0, 1, NULL, '2026-03-25 19:57:17', '2026-03-25 19:57:39', 0, 'profile_5_1774468659.png', NULL),
(6, '5494336731', '19001340991', 'JDSFKAS SAKDJFN  KAJSDFN Ksjdnf', '9685374776537', '0546346345', '24352345235', 'جزر أولاند', '1447-10-01', 'وزارة الداخلية - الأحوال المدنية', 'قيد المراجعة', 0, 1, NULL, '2026-03-25 21:06:06', '2026-03-25 21:06:28', 0, 'profile_6_1774472788.jpg', NULL),
(7, '9587396292', '19009192579', 'سمير علي محمد علي محمد', '1023456789', '0556940185', '1190046836', 'مصر', '1447-10-13', 'وزارة الداخلية - الأحوال المدنية', 'تمت الموافقة', 0, 1, NULL, '2026-03-25 21:11:42', '2026-03-26 16:34:19', 0, 'photo_69c5600c298e9.jpg', NULL);

-- --------------------------------------------------------

--
-- بنية الجدول `countries`
--

CREATE TABLE `countries` (
  `id` int(11) NOT NULL,
  `name` varchar(255) NOT NULL COMMENT 'اسم الدولة أو الجنسية باللغة العربية'
) ENGINE=InnoDB DEFAULT CHARSET=utf8mb4 COLLATE=utf8mb4_unicode_ci COMMENT='جدول الدول والجنسيات المعتمدة في النظام';

--
-- إرجاع أو استيراد بيانات الجدول `countries`
--

INSERT INTO `countries` (`id`, `name`) VALUES
(1, 'آيسلندا'),
(2, 'أذربيجان'),
(3, 'أرمينيا'),
(4, 'أستراليا'),
(5, 'أفغانستان'),
(6, 'ألبانيا'),
(7, 'ألمانيا'),
(8, 'أنتيغوا وبربودا'),
(9, 'أندورا'),
(10, 'أنغولا'),
(203, 'أوروغواي'),
(11, 'أوزبكستان'),
(12, 'أوغندا'),
(13, 'أوكرانيا'),
(14, 'أيرلندا'),
(15, 'إثيوبيا'),
(16, 'إريتريا'),
(17, 'إسبانيا'),
(18, 'إستونيا'),
(19, 'إسرائيل'),
(20, 'إسواتيني'),
(21, 'إندونيسيا'),
(22, 'إيران'),
(23, 'إيطاليا'),
(24, 'الأرجنتين'),
(25, 'الأردن'),
(26, 'الأوروغواي'),
(27, 'الإكوادور'),
(199, 'الإمارات'),
(28, 'الإمارات العربية المتحدة'),
(29, 'البحرين'),
(30, 'البرازيل'),
(31, 'البرتغال'),
(32, 'البهاما'),
(33, 'البوسنة والهرسك'),
(34, 'التشيك'),
(35, 'الجبل الأسود'),
(36, 'الجزائر'),
(37, 'الدنمارك'),
(38, 'الرأس الأخضر'),
(198, 'السعودية'),
(39, 'السلفادور'),
(40, 'السنغال'),
(41, 'السودان'),
(42, 'السويد'),
(43, 'الصومال'),
(44, 'الصين'),
(45, 'العراق'),
(46, 'الغابون'),
(47, 'الفاتيكان'),
(48, 'الفلبين'),
(49, 'الكاميرون'),
(50, 'الكونغو، جمهورية'),
(51, 'الكونغو، جمهورية الديمقراطية'),
(52, 'الكويت'),
(53, 'المالديف'),
(54, 'المجر'),
(55, 'المغرب'),
(56, 'المكسيك'),
(57, 'المملكة العربية السعودية'),
(58, 'المملكة المتحدة'),
(59, 'النرويج'),
(60, 'النمسا'),
(61, 'النيجر'),
(62, 'الهند'),
(63, 'الولايات المتحدة'),
(64, 'اليابان'),
(65, 'اليمن'),
(66, 'اليونان'),
(67, 'بابوا غينيا الجديدة'),
(68, 'باراغواي'),
(69, 'باكستان'),
(70, 'بالاو'),
(71, 'بربادوس'),
(72, 'بروناي'),
(73, 'بلجيكا'),
(74, 'بلغاريا'),
(75, 'بليز'),
(76, 'بنغلاديش'),
(77, 'بنما'),
(78, 'بنين'),
(79, 'بوتان'),
(80, 'بوتسوانا'),
(81, 'بوركينا فاسو'),
(82, 'بوروندي'),
(83, 'بولندا'),
(84, 'بوليفيا'),
(85, 'بيرو'),
(86, 'بيلاروسيا'),
(87, 'تايلاند'),
(88, 'تايوان'),
(89, 'تركمانستان'),
(90, 'تركيا'),
(91, 'ترينيداد وتوباغو'),
(92, 'تشاد'),
(93, 'تشيلي'),
(94, 'تنزانيا'),
(95, 'توغو'),
(96, 'توفالو'),
(97, 'تونس'),
(98, 'تونغا'),
(99, 'تيمور الشرقية'),
(100, 'جامايكا'),
(101, 'جزر القمر'),
(102, 'جزر سليمان'),
(103, 'جزر مارشال'),
(104, 'جمهورية أفريقيا الوسطى'),
(105, 'جمهورية الدومينيكان'),
(106, 'جنوب أفريقيا'),
(107, 'جنوب السودان'),
(108, 'جورجيا'),
(109, 'جيبوتي'),
(110, 'دومينيكا'),
(111, 'رواندا'),
(112, 'روسيا'),
(113, 'رومانيا'),
(114, 'زامبيا'),
(205, 'زمبابوي'),
(115, 'زيمبابوي'),
(204, 'ساحل العاج'),
(116, 'ساموا'),
(117, 'سان مارينو'),
(118, 'سانت فنسنت والجرينادين'),
(119, 'سانت كيتس ونيفيس'),
(120, 'سانت لوسيا'),
(121, 'ساو تومي وبرينسيب'),
(122, 'سريلانكا'),
(123, 'سلطنة عمان'),
(124, 'سلوفاكيا'),
(125, 'سلوفينيا'),
(126, 'سنغافورة'),
(127, 'سوريا'),
(128, 'سورينام'),
(129, 'سويسرا'),
(130, 'سيراليون'),
(131, 'سيشيل'),
(132, 'صربيا'),
(133, 'طاجيكستان'),
(200, 'عمان'),
(134, 'غامبيا'),
(135, 'غانا'),
(136, 'غرينادا'),
(137, 'غواتيمالا'),
(138, 'غيانا'),
(139, 'غينيا'),
(140, 'غينيا الاستوائية'),
(141, 'غينيا بيساو'),
(142, 'فانواتو'),
(143, 'فرنسا'),
(144, 'فلسطين'),
(145, 'فنزويلا'),
(146, 'فنلندا'),
(147, 'فيتنام'),
(148, 'فيجي'),
(149, 'قبرص'),
(150, 'قطر'),
(151, 'قيرغيزستان'),
(152, 'كازاخستان'),
(153, 'كرواتيا'),
(154, 'كمبوديا'),
(155, 'كندا'),
(156, 'كوبا'),
(157, 'كوت ديفوار'),
(201, 'كوريا الجنوبية'),
(158, 'كوريا، الجنوبية'),
(159, 'كوريا، الشمالية'),
(160, 'كوستاريكا'),
(161, 'كوسوفو'),
(162, 'كولومبيا'),
(163, 'كيريباتي'),
(164, 'كينيا'),
(165, 'لاتفيا'),
(166, 'لاوس'),
(167, 'لبنان'),
(168, 'لوكسمبورغ'),
(169, 'ليبيا'),
(170, 'ليبيريا'),
(171, 'ليتوانيا'),
(172, 'ليختنشتاين'),
(173, 'ليسوتو'),
(174, 'مالاوي'),
(175, 'مالطا'),
(176, 'مالي'),
(177, 'ماليزيا'),
(178, 'مدغشقر'),
(179, 'مصر'),
(180, 'مقدونيا الشمالية'),
(181, 'منغوليا'),
(182, 'موريتانيا'),
(183, 'موريشيوس'),
(184, 'موزمبيق'),
(185, 'مولدوفا'),
(186, 'موناكو'),
(187, 'ميانمار'),
(188, 'ميكرونيزيا'),
(189, 'ناميبيا'),
(190, 'ناورو'),
(191, 'نيبال'),
(192, 'نيجيريا'),
(193, 'نيكاراغوا'),
(194, 'نيوزيلندا'),
(195, 'هايتي'),
(196, 'هندوراس'),
(197, 'هولندا'),
(202, 'هونغ كونغ');

-- --------------------------------------------------------

--
-- بنية الجدول `family_visits`
--

CREATE TABLE `family_visits` (
  `id` int(11) NOT NULL,
  `serial_number` varchar(11) DEFAULT NULL,
  `export_number` varchar(50) NOT NULL,
  `applicant_name` varchar(255) DEFAULT NULL,
  `national_id` varchar(20) NOT NULL,
  `status` varchar(50) DEFAULT 'قيد المراجعة',
  `is_locked` tinyint(1) DEFAULT 0,
  `created_by_user_id` int(11) DEFAULT NULL,
  `rejection_reason` text DEFAULT NULL,
  `created_at` timestamp NOT NULL DEFAULT current_timestamp(),
  `updated_at` timestamp NOT NULL DEFAULT current_timestamp() ON UPDATE current_timestamp(),
  `printed_count` int(11) DEFAULT 0,
  `phone` varchar(20) DEFAULT NULL,
  `nationality` varchar(100) DEFAULT NULL,
  `arrival_place` varchar(100) DEFAULT NULL,
  `service_number` varchar(100) DEFAULT NULL,
  `service_desc` text DEFAULT NULL,
  `approval_date` date DEFAULT NULL,
  `approval_time` time DEFAULT NULL,
  `attachments` int(11) DEFAULT 0,
  `record_number` varchar(100) DEFAULT NULL,
  `issuance_number` varchar(100) DEFAULT NULL,
  `remarks` text DEFAULT NULL,
  `issuing_authority` varchar(255) DEFAULT 'وزارة الداخلية-الي',
  `hijri_date` varchar(20) DEFAULT NULL,
  `sponsor_name` varchar(255) DEFAULT NULL,
  `sponsor_id` varchar(20) DEFAULT NULL,
  `emirate` varchar(100) DEFAULT NULL,
  `locked_by_user_id` int(11) DEFAULT NULL
) ENGINE=InnoDB DEFAULT CHARSET=utf8mb4 COLLATE=utf8mb4_unicode_ci;

--
-- إرجاع أو استيراد بيانات الجدول `family_visits`
--

INSERT INTO `family_visits` (`id`, `serial_number`, `export_number`, `applicant_name`, `national_id`, `status`, `is_locked`, `created_by_user_id`, `rejection_reason`, `created_at`, `updated_at`, `printed_count`, `phone`, `nationality`, `arrival_place`, `service_number`, `service_desc`, `approval_date`, `approval_time`, `attachments`, `record_number`, `issuance_number`, `remarks`, `issuing_authority`, `hijri_date`, `sponsor_name`, `sponsor_id`, `emirate`, `locked_by_user_id`) VALUES
(2, '8932433410', '187991098049', 'احمد علي ع ا', '236525245134', 'بانتظار موافقة المدير', 0, 12, NULL, '2026-03-24 21:33:42', '2026-03-25 09:15:21', 0, '0566876876', 'جزر أولاند', 'أندرا براديش', '76876786', '', NULL, NULL, 0, '3242314342', '', NULL, 'وزارة الداخلية-الي', '1447-10-01', NULL, NULL, 'إمارة منطقة نجران', NULL),
(3, '6068904019', '168781603660', 'jsdfhب ب ب ب', '423534523', 'قيد المراجعة', 0, 1, NULL, '2026-03-25 20:00:08', '2026-03-25 20:00:08', 0, '0534563456', 'ألبانيا', 'أروناتشال براديش', '74657537543', '', NULL, NULL, 0, '3452345352', '', NULL, 'وزارة الداخلية-الي', '1447-10-01', NULL, NULL, 'إمارة منطقة الجوف', NULL),
(4, '1403924740', '173527095352', 'سمير علي محمد علي محمد', '1023456789', 'تمت الموافقة', 0, 1, NULL, '2026-03-25 21:19:30', '2026-03-25 22:28:15', 0, '0556940185', 'ألبانيا', 'أندرا براديش', '1190068588', '', NULL, NULL, 0, '10598888788', '', NULL, 'وزارة الداخلية-الي', '1447-10-14', NULL, NULL, 'إمارة منطقة الرياض', NULL);

-- --------------------------------------------------------

--
-- بنية الجدول `followup_requests`
--

CREATE TABLE `followup_requests` (
  `id` int(11) NOT NULL,
  `serial_number` varchar(11) DEFAULT NULL,
  `export_number` varchar(50) NOT NULL,
  `applicant_name` varchar(255) DEFAULT NULL,
  `national_id` varchar(20) NOT NULL,
  `status` varchar(50) DEFAULT 'قيد المراجعة',
  `is_locked` tinyint(1) DEFAULT 0,
  `created_by_user_id` int(11) DEFAULT NULL,
  `rejection_reason` text DEFAULT NULL,
  `created_at` timestamp NOT NULL DEFAULT current_timestamp(),
  `updated_at` timestamp NOT NULL DEFAULT current_timestamp() ON UPDATE current_timestamp(),
  `printed_count` int(11) DEFAULT 0,
  `sponsor_id` varchar(20) DEFAULT NULL,
  `source_number` varchar(50) DEFAULT NULL,
  `source_entity` varchar(100) DEFAULT 'وزارة العمل-آلي',
  `hijri_date` varchar(20) DEFAULT NULL,
  `last_modified_date` varchar(20) DEFAULT NULL,
  `sponsor_name` varchar(100) DEFAULT NULL,
  `establishment_name` varchar(200) DEFAULT NULL,
  `locked_by_user_id` int(11) DEFAULT NULL
) ENGINE=InnoDB DEFAULT CHARSET=utf8mb4 COLLATE=utf8mb4_unicode_ci;

-- --------------------------------------------------------

--
-- بنية الجدول `labor_inquiry`
--

CREATE TABLE `labor_inquiry` (
  `id` int(11) NOT NULL,
  `applicant_name` varchar(255) NOT NULL COMMENT 'اسم مقدم الطلب',
  `national_id` varchar(20) NOT NULL COMMENT 'رقم الهوية',
  `export_number` varchar(20) NOT NULL COMMENT 'رقم الصادر',
  `service_name` varchar(100) DEFAULT 'عمالة' COMMENT 'نوع الخدمة',
  `status` varchar(50) DEFAULT 'مكتمل' COMMENT 'حالة الطلب',
  `created_at` datetime DEFAULT current_timestamp(),
  `job_category` varchar(100) DEFAULT 'غير محدد',
  `nationality` varchar(100) DEFAULT 'غير محدد',
  `arrival_place` varchar(255) DEFAULT 'غير محدد',
  `serial_number` varchar(50) DEFAULT '---',
  `wife_name` varchar(255) DEFAULT '---',
  `remarks` text DEFAULT 'لا يوجد'
) ENGINE=InnoDB DEFAULT CHARSET=utf8mb4 COLLATE=utf8mb4_general_ci;

--
-- إرجاع أو استيراد بيانات الجدول `labor_inquiry`
--

INSERT INTO `labor_inquiry` (`id`, `applicant_name`, `national_id`, `export_number`, `service_name`, `status`, `created_at`, `job_category`, `nationality`, `arrival_place`, `serial_number`, `wife_name`, `remarks`) VALUES
(1, 'أحمد محمد علي', '1234567891', '4680388957', 'عمالة', 'مكتمل', '2026-03-24 20:19:04', 'سائق', 'مصري', 'مطار الملك خالد', '---', '---', 'لا يوجد'),
(2, 'فاطمة أحمد حسن', '1234567892', '4680388958', 'عمالة', 'قيد المراجعة', '2026-03-24 20:19:04', 'مربية', 'إندونيسية', 'مطار الملك عبدالعزيز', '---', '---', 'لا يوجد'),
(3, 'محمد عبدالله سالم', '1234567893', '4680388959', 'عمالة', 'مرفوض', '2026-03-24 20:19:04', 'نجار', 'باكستاني', 'مطار الملك فهد', '---', '---', 'لا يوجد');

-- --------------------------------------------------------

--
-- بنية الجدول `labor_requests`
--

CREATE TABLE `labor_requests` (
  `id` int(11) NOT NULL,
  `serial_number` varchar(11) DEFAULT NULL,
  `export_number` varchar(50) NOT NULL,
  `emirate` varchar(100) DEFAULT NULL,
  `hijri_date` varchar(50) DEFAULT NULL,
  `issuance_number` varchar(100) DEFAULT NULL,
  `national_id` varchar(20) NOT NULL,
  `applicant_name` varchar(255) DEFAULT NULL,
  `establishment_name` varchar(255) DEFAULT NULL,
  `owner_name` varchar(255) DEFAULT NULL,
  `record_number` varchar(100) DEFAULT NULL,
  `status` varchar(50) DEFAULT 'قيد المراجعة',
  `is_locked` tinyint(1) DEFAULT 0,
  `created_by_user_id` int(11) DEFAULT NULL,
  `rejection_reason` text DEFAULT NULL,
  `created_at` timestamp NOT NULL DEFAULT current_timestamp(),
  `updated_at` timestamp NOT NULL DEFAULT current_timestamp() ON UPDATE current_timestamp(),
  `printed_count` int(11) DEFAULT 0,
  `locked_by_user_id` int(11) DEFAULT NULL
) ENGINE=InnoDB DEFAULT CHARSET=utf8mb4 COLLATE=utf8mb4_unicode_ci;

--
-- إرجاع أو استيراد بيانات الجدول `labor_requests`
--

INSERT INTO `labor_requests` (`id`, `serial_number`, `export_number`, `emirate`, `hijri_date`, `issuance_number`, `national_id`, `applicant_name`, `establishment_name`, `owner_name`, `record_number`, `status`, `is_locked`, `created_by_user_id`, `rejection_reason`, `created_at`, `updated_at`, `printed_count`, `locked_by_user_id`) VALUES
(5, '75993298367', '4924613853', 'مكتب عمل منطقة حائل', '1447-09-07', '32232', '8753457659', 'مؤسسة احمد صالح محمد', 'مؤسسة احمد صالح محمد', 'علي صالح', '3452', 'تمت الموافقة', 0, 9, NULL, '2026-03-23 21:00:00', '2026-03-24 17:19:31', 0, 1);

-- --------------------------------------------------------

--
-- بنية الجدول `marriage_permits`
--

CREATE TABLE `marriage_permits` (
  `id` int(11) NOT NULL,
  `serial_number` varchar(11) DEFAULT NULL,
  `export_number` varchar(50) NOT NULL,
  `permit_type` varchar(255) DEFAULT NULL,
  `applicant_name` varchar(255) DEFAULT NULL,
  `national_id` varchar(20) NOT NULL,
  `status` varchar(50) DEFAULT 'قيد المراجعة',
  `is_locked` tinyint(1) DEFAULT 0,
  `created_by_user_id` int(11) DEFAULT NULL,
  `rejection_reason` text DEFAULT NULL,
  `created_at` timestamp NOT NULL DEFAULT current_timestamp(),
  `updated_at` timestamp NOT NULL DEFAULT current_timestamp() ON UPDATE current_timestamp(),
  `printed_count` int(11) DEFAULT 0,
  `phone` varchar(20) DEFAULT NULL,
  `service_number` varchar(100) DEFAULT NULL,
  `emirate` varchar(100) DEFAULT NULL,
  `approval_date` varchar(50) DEFAULT NULL,
  `record_number` varchar(100) DEFAULT NULL,
  `issuance_number` varchar(100) DEFAULT NULL,
  `issuing_authority` varchar(255) DEFAULT 'وزارة الداخلية-الي',
  `bank_file_number` int(11) DEFAULT 0,
  `service_desc` text DEFAULT NULL,
  `submission_date` varchar(50) DEFAULT NULL,
  `area` varchar(100) DEFAULT NULL,
  `area_code` varchar(50) DEFAULT NULL,
  `locked_by_user_id` int(11) DEFAULT NULL
) ENGINE=InnoDB DEFAULT CHARSET=utf8mb4 COLLATE=utf8mb4_unicode_ci;

--
-- إرجاع أو استيراد بيانات الجدول `marriage_permits`
--

INSERT INTO `marriage_permits` (`id`, `serial_number`, `export_number`, `permit_type`, `applicant_name`, `national_id`, `status`, `is_locked`, `created_by_user_id`, `rejection_reason`, `created_at`, `updated_at`, `printed_count`, `phone`, `service_number`, `emirate`, `approval_date`, `record_number`, `issuance_number`, `issuing_authority`, `bank_file_number`, `service_desc`, `submission_date`, `area`, `area_code`, `locked_by_user_id`) VALUES
(5, '1731053724', '0636226607', 'زواج سعودية من اجنبي مواليد السعودية', 'hpl] ugd ugd ugd', '1231231234', 'تم تعليق المعاملة', 1, 12, NULL, '2026-03-24 17:17:31', '2026-03-24 19:05:30', 0, '7836587236452', '', 'إمارة منطقة تبوك', '1447-09-15', '786', '', 'وزارة الداخلية-الي', 0, '', NULL, '', '', 1),
(6, '1174560833', '0242063328', 'زواج سعودي من اجنبية داخل الاراضي السعودية مواليد خارج السعودية', 'احمد علي محمد علي', '6758764765', 'بانتظار موافقة المدير', 0, 12, NULL, '2026-03-24 20:22:28', '2026-03-25 09:58:40', 0, '0576564436', '', 'إمارة منطقة تبوك', '1447-09-15', '3242314342', NULL, 'وزارة الداخلية-الي', 0, '', NULL, '', '', NULL),
(10, '3376566729', '0026478215', 'زواج سعودي من اجنبية داخل الاراضي السعودية مواليد خارج السعودية', 'محمد بن سعود بن مسفر العبدالله', '1023456789', 'تمت الموافقة', 0, 1, NULL, '2026-03-25 23:51:32', '2026-03-25 23:57:50', 0, '0556940185', '', 'إمارة منطقة الرياض', '1447-10-06', '10598888788', '', 'وزارة الداخلية-الي', 0, '', NULL, '', '', NULL),
(11, '8376206535', '0873764058', 'زواج سعودية من اجنبي داخل الاراضي السعودية مواليد خارج السعودية', 'بدالرحمن بن راشد بن صفيان', '1030135758', 'قيد المراجعة', 0, 18, NULL, '2026-03-26 01:01:11', '2026-03-27 16:29:40', 0, '05288489088', '', 'إمارة منطقة الرياض', '1447-10-27', '1030135758', NULL, 'وزارة الداخلية-الي', 0, '', NULL, '', '', NULL),
(12, '97572737479', '0690599949', 'زواج سعودي من اجنبية خارج الاراضي السعودية مواليد خارج السعودية', 'احمد  علي', '67468476532', 'جاري الاعتماد', 0, 19, NULL, '2026-03-27 16:34:45', '2026-03-27 17:10:47', 0, '0556476543', '', 'إمارة منطقة سي', '3234-02-04', '10301353424', '2342342342', 'وزارة الداخلية-الي', 234242, '', NULL, '', '', NULL),
(13, '6951532959', '0794936555', 'زواج سعودية من اجنبي مواليد السعودية', 'jsdfh ق ق ق', '6746847653', 'قيد المراجعة', 0, 1, NULL, '2026-03-27 18:36:42', '2026-03-27 18:36:42', 0, '0563545345', '', 'إمارة منطقة الرياض', '1447-08-10', '1059888788', '', 'وزارة الداخلية-الي', 0, '', NULL, '', '', NULL),
(14, '6941521272', '0110533802', 'زواج سعودي من اجنبية داخل الاراضي السعودية مواليد خارج السعودية', 'jsdfh ق ق ق', '6046847653', 'قيد المراجعة', 0, 1, NULL, '2026-03-27 19:16:02', '2026-03-27 19:16:02', 0, '0563545345', '', 'إمارة منطقة الرياض', '1447-10-12', '1059888788', '', 'وزارة الداخلية-الي', 0, '', NULL, '', '', NULL),
(15, '8607396929', '0616451097', 'زواج سعودية من اجنبي مواليد السعودية', 'ا', '1023486789', 'قيد المراجعة', 0, 1, NULL, '2026-03-27 19:27:53', '2026-03-27 19:27:53', 0, '0563434534', '', 'إمارة منطقة الرياض', '1447-08-10', '1059888788', '', 'وزارة الداخلية-الي', 0, '', NULL, '', '', NULL),
(16, '7063509729', '0047081674', 'زواج سعودي من اجنبية مواليد السعودية', 'محمد بن سعود بن سعيد', '1052365421', 'تمت الموافقة', 0, 1, NULL, '2026-03-27 19:31:36', '2026-03-27 19:48:40', 0, '0556940185', '', 'إمارة منطقة الرياض', '1447-10-07', '1059888878', '', 'وزارة الداخلية-الي', 0, '', NULL, '', '', NULL),
(17, '8412458307', '0391154749', 'زواج سعودية من اجنبي داخل الاراضي السعودية مواليد خارج السعودية', 'ا', '1023486780', 'تمت الموافقة', 0, 1, NULL, '2026-03-27 19:41:20', '2026-03-27 19:49:03', 0, '0556980185', '', 'إمارة منطقة الرياض', '1447-10-20', '7363782892', '', 'وزارة الداخلية-الي', 0, '', NULL, '', '', NULL);

-- --------------------------------------------------------

--
-- بنية الجدول `profession_changes`
--

CREATE TABLE `profession_changes` (
  `id` int(11) NOT NULL,
  `serial_number` varchar(11) DEFAULT NULL,
  `export_number` varchar(50) NOT NULL,
  `applicant_name` varchar(255) DEFAULT NULL,
  `national_id` varchar(20) NOT NULL,
  `phone` varchar(255) DEFAULT NULL,
  `sponsor_name` varchar(255) DEFAULT NULL,
  `establishment_name` varchar(255) DEFAULT NULL,
  `sponsor_id` varchar(255) DEFAULT NULL,
  `service_number` varchar(255) DEFAULT NULL,
  `service_desc` text DEFAULT NULL,
  `hijri_date` varchar(255) DEFAULT NULL,
  `emirate` varchar(255) DEFAULT NULL,
  `approval_date` varchar(255) DEFAULT NULL,
  `approval_time` varchar(255) DEFAULT NULL,
  `attachments` int(11) DEFAULT 0,
  `record_number` varchar(255) DEFAULT NULL,
  `issuance_number` varchar(255) DEFAULT NULL,
  `submission_date` varchar(255) DEFAULT NULL,
  `area` varchar(255) DEFAULT NULL,
  `area_code` varchar(255) DEFAULT NULL,
  `remarks` text DEFAULT NULL,
  `issuing_authority` varchar(255) DEFAULT 'وزارة العمل-الي',
  `status` varchar(50) DEFAULT 'قيد المراجعة',
  `is_locked` tinyint(1) DEFAULT 0,
  `created_by_user_id` int(11) DEFAULT NULL,
  `rejection_reason` text DEFAULT NULL,
  `created_at` timestamp NOT NULL DEFAULT current_timestamp(),
  `updated_at` timestamp NOT NULL DEFAULT current_timestamp() ON UPDATE current_timestamp(),
  `printed_count` int(11) DEFAULT 0,
  `locked_by_user_id` int(11) DEFAULT NULL
) ENGINE=InnoDB DEFAULT CHARSET=utf8mb4 COLLATE=utf8mb4_unicode_ci;

--
-- إرجاع أو استيراد بيانات الجدول `profession_changes`
--

INSERT INTO `profession_changes` (`id`, `serial_number`, `export_number`, `applicant_name`, `national_id`, `phone`, `sponsor_name`, `establishment_name`, `sponsor_id`, `service_number`, `service_desc`, `hijri_date`, `emirate`, `approval_date`, `approval_time`, `attachments`, `record_number`, `issuance_number`, `submission_date`, `area`, `area_code`, `remarks`, `issuing_authority`, `status`, `is_locked`, `created_by_user_id`, `rejection_reason`, `created_at`, `updated_at`, `printed_count`, `locked_by_user_id`) VALUES
(5, '04619846410', '6901369325', 'احمد محمد علي صالح', '3428754324', '43523452523542', 'سشيلشيبلشسلش', 'شسيبشسيبش', '4325234523', '6901369325', '', '1447-08-04', 'جوازات منطقة الباحة', NULL, NULL, 0, '', '243543525', NULL, '', '', NULL, 'وزارة الداخلية-الي', 'قيد المراجعة', 0, 5, NULL, '2026-03-24 13:54:33', '2026-03-24 17:06:19', 0, 1),
(6, '0474776802', '6394639127', 'احمد علي ل ل', '23452345', '0556789345', 'احمد صالح', 'مؤسسة احمد صالح محمد لتمويل', '68768', '', '', '1447-10-12', 'جوازات منطقة الجوف', NULL, NULL, 0, '', '32232', NULL, '', '', NULL, 'وزارة الداخلية-الي', 'قيد المراجعة', 0, 12, NULL, '2026-03-24 21:56:53', '2026-03-25 11:51:41', 0, 1),
(7, '5598492188', '6848141074', 'احمد علي ب ب', '2234', '0532423423', 'احمد صالح', 'مؤسسة احمد صالح محمد لتمويل', '38475293845', '', '', '1447-10-12', 'جوازات منطقة جازان', NULL, NULL, 0, '', '67456', NULL, '', '', NULL, 'وزارة الداخلية-الي', 'تمت الموافقة', 0, 12, NULL, '2026-03-25 09:54:34', '2026-03-25 10:18:23', 0, NULL);

-- --------------------------------------------------------

--
-- بنية الجدول `query_logs`
--

CREATE TABLE `query_logs` (
  `id` int(11) NOT NULL,
  `national_id` varchar(20) DEFAULT NULL,
  `export_number` varchar(20) DEFAULT NULL,
  `service_type` varchar(50) DEFAULT NULL,
  `action` enum('query','print') NOT NULL,
  `user_ip` varchar(45) DEFAULT NULL,
  `user_agent` text DEFAULT NULL,
  `created_at` timestamp NOT NULL DEFAULT current_timestamp()
) ENGINE=InnoDB DEFAULT CHARSET=utf8 COLLATE=utf8_general_ci;

--
-- إرجاع أو استيراد بيانات الجدول `query_logs`
--

INSERT INTO `query_logs` (`id`, `national_id`, `export_number`, `service_type`, `action`, `user_ip`, `user_agent`, `created_at`) VALUES
(1, '2435625', '0720293641', 'تصريح زواج', 'query', '::1', 'Mozilla/5.0 (Windows NT 10.0; Win64; x64) AppleWebKit/537.36 (KHTML, like Gecko) Chrome/146.0.0.0 Safari/537.36 Edg/146.0.0.0', '2026-03-25 16:03:11'),
(2, '2435625', '0720293641', 'تصريح زواج', 'query', '::1', 'Mozilla/5.0 (Windows NT 10.0; Win64; x64) AppleWebKit/537.36 (KHTML, like Gecko) Chrome/146.0.0.0 Safari/537.36 Edg/146.0.0.0', '2026-03-25 16:14:23'),
(3, '2435625', '0720293641', 'تصريح زواج', 'query', '::1', 'Mozilla/5.0 (Windows NT 10.0; Win64; x64) AppleWebKit/537.36 (KHTML, like Gecko) Chrome/146.0.0.0 Safari/537.36 Edg/146.0.0.0', '2026-03-25 16:22:15'),
(4, '2435625', '0720293641', 'تصريح زواج', 'print', '::1', 'Mozilla/5.0 (Windows NT 10.0; Win64; x64) AppleWebKit/537.36 (KHTML, like Gecko) Chrome/146.0.0.0 Safari/537.36 Edg/146.0.0.0', '2026-03-25 16:22:17'),
(5, '9685374776537', '19001340991', 'أحوال مدنية', 'query', '209.198.132.167', 'Mozilla/5.0 (Windows NT 10.0; Win64; x64) AppleWebKit/537.36 (KHTML, like Gecko) Chrome/146.0.0.0 Safari/537.36', '2026-03-25 21:14:24'),
(6, '1023456789', '0026478215', 'تصريح زواج', 'query', '134.35.143.181', 'Mozilla/5.0 (Linux; Android 10; K) AppleWebKit/537.36 (KHTML, like Gecko) Chrome/146.0.0.0 Mobile Safari/537.36', '2026-03-25 23:57:11'),
(7, '1023456789', '0026478215', 'تصريح زواج', 'query', '134.35.143.181', 'Mozilla/5.0 (Linux; Android 10; K) AppleWebKit/537.36 (KHTML, like Gecko) Chrome/146.0.0.0 Mobile Safari/537.36', '2026-03-25 23:58:16'),
(8, '1023456789', '0026478215', 'تصريح زواج', 'query', '150.228.11.72', 'Mozilla/5.0 (Linux; Android 10; K) AppleWebKit/537.36 (KHTML, like Gecko) Chrome/146.0.0.0 Mobile Safari/537.36', '2026-03-26 00:22:32'),
(9, '1023456789', '0026478215', 'تصريح زواج', 'query', '109.82.71.98', 'Mozilla/5.0 (Linux; Android 12; SAMSUNG SM-A125F) AppleWebKit/537.36 (KHTML, like Gecko) SamsungBrowser/23.0 Chrome/115.0.0.0 Mobile Safari/537.36', '2026-03-26 00:24:18'),
(10, '1023456789', '0026478215', 'تصريح زواج', 'query', '150.228.11.72', 'Mozilla/5.0 (Linux; Android 10; K) AppleWebKit/537.36 (KHTML, like Gecko) Chrome/146.0.0.0 Mobile Safari/537.36', '2026-03-26 00:25:07'),
(11, '1030135758', '0873764058', 'تصريح زواج', 'query', '209.198.132.152', 'Mozilla/5.0 (Linux; Android 10; K) AppleWebKit/537.36 (KHTML, like Gecko) Chrome/146.0.0.0 Mobile Safari/537.36', '2026-03-26 01:13:22'),
(12, '1030135758', '0873764058', 'تصريح زواج', 'query', '209.198.132.152', 'Mozilla/5.0 (Linux; Android 10; K) AppleWebKit/537.36 (KHTML, like Gecko) Chrome/146.0.0.0 Mobile Safari/537.36', '2026-03-26 01:13:55'),
(13, '1030135758', '0873764058', 'تصريح زواج', 'query', '109.82.71.98', 'Mozilla/5.0 (Linux; Android 12; SAMSUNG SM-A125F) AppleWebKit/537.36 (KHTML, like Gecko) SamsungBrowser/23.0 Chrome/115.0.0.0 Mobile Safari/537.36', '2026-03-26 01:14:10'),
(14, '1030135758', '0873764058', 'تصريح زواج', 'query', '212.105.142.132', 'Mozilla/5.0 (Windows NT 10.0; Win64; x64) AppleWebKit/537.36 (KHTML, like Gecko) Chrome/146.0.0.0 Safari/537.36', '2026-03-26 06:24:12'),
(15, '1023456789', '0026478215', 'تصريح زواج', 'query', '212.105.142.132', 'Mozilla/5.0 (Windows NT 10.0; Win64; x64) AppleWebKit/537.36 (KHTML, like Gecko) Chrome/146.0.0.0 Safari/537.36', '2026-03-26 06:25:27'),
(16, '1023456789', '173527095352', 'زيارة عائلية', 'query', '212.105.142.132', 'Mozilla/5.0 (Windows NT 10.0; Win64; x64) AppleWebKit/537.36 (KHTML, like Gecko) Chrome/146.0.0.0 Safari/537.36', '2026-03-26 06:28:31'),
(17, '102345678', '373286901534', 'زيارة تجارية', 'query', '212.105.142.132', 'Mozilla/5.0 (Windows NT 10.0; Win64; x64) AppleWebKit/537.36 (KHTML, like Gecko) Chrome/146.0.0.0 Safari/537.36', '2026-03-26 06:29:00'),
(18, '1030135758', '0873764058', 'تصريح زواج', 'query', '185.80.45.193', 'Mozilla/5.0 (Linux; Android 10; K) AppleWebKit/537.36 (KHTML, like Gecko) Chrome/146.0.0.0 Mobile Safari/537.36', '2026-03-26 11:12:06'),
(19, '1030135758', '0873764058', 'تصريح زواج', 'query', '185.80.45.193', 'Mozilla/5.0 (Linux; Android 10; K) AppleWebKit/537.36 (KHTML, like Gecko) Chrome/146.0.0.0 Mobile Safari/537.36', '2026-03-26 11:16:20'),
(20, '1030135758', '0873764058', 'تصريح زواج', 'query', '185.80.45.193', 'Mozilla/5.0 (Linux; Android 10; K) AppleWebKit/537.36 (KHTML, like Gecko) Chrome/146.0.0.0 Mobile Safari/537.36', '2026-03-26 11:19:02'),
(21, '1030135758', '0873764058', 'تصريح زواج', 'query', '185.80.45.193', 'Mozilla/5.0 (Linux; Android 10; K) AppleWebKit/537.36 (KHTML, like Gecko) Chrome/146.0.0.0 Mobile Safari/537.36', '2026-03-26 11:19:48'),
(22, '1030135758', '0873764058', 'تصريح زواج', 'query', '150.228.11.223', 'Mozilla/5.0 (Linux; Android 10; K) AppleWebKit/537.36 (KHTML, like Gecko) SamsungBrowser/29.0 Chrome/136.0.0.0 Mobile Safari/537.36', '2026-03-26 13:22:42'),
(23, '1030135758', '0873764058', 'تصريح زواج', 'query', '150.228.11.72', 'Mozilla/5.0 (Linux; Android 10; K) AppleWebKit/537.36 (KHTML, like Gecko) Chrome/146.0.0.0 Mobile Safari/537.36', '2026-03-26 13:42:17'),
(24, '1023456789', '173527095352', 'زيارة عائلية', 'query', '31.31.180.16', 'Mozilla/5.0 (Windows NT 10.0; Win64; x64) AppleWebKit/537.36 (KHTML, like Gecko) Chrome/146.0.0.0 Safari/537.36', '2026-03-26 14:47:44'),
(25, '9685374776', '335403928804', 'زيارة تجارية', 'query', '31.31.180.16', 'Mozilla/5.0 (Windows NT 10.0; Win64; x64) AppleWebKit/537.36 (KHTML, like Gecko) Chrome/146.0.0.0 Safari/537.36', '2026-03-26 14:48:24'),
(26, '9685374776', '335403928804', 'زيارة تجارية', 'query', '31.31.180.16', 'Mozilla/5.0 (Windows NT 10.0; Win64; x64) AppleWebKit/537.36 (KHTML, like Gecko) Chrome/146.0.0.0 Safari/537.36', '2026-03-26 15:25:00'),
(27, '9685374776', '335403928804', 'زيارة تجارية', 'query', '31.31.180.16', 'Mozilla/5.0 (Windows NT 10.0; Win64; x64) AppleWebKit/537.36 (KHTML, like Gecko) Chrome/146.0.0.0 Safari/537.36', '2026-03-26 15:26:18'),
(28, '52345234', '2422689409', 'زيارة سياحية', 'query', '31.31.180.16', 'Mozilla/5.0 (Windows NT 10.0; Win64; x64) AppleWebKit/537.36 (KHTML, like Gecko) Chrome/146.0.0.0 Safari/537.36', '2026-03-26 15:51:15'),
(29, '423534523', '168781603660', 'زيارة عائلية', 'query', '31.31.180.16', 'Mozilla/5.0 (Windows NT 10.0; Win64; x64) AppleWebKit/537.36 (KHTML, like Gecko) Chrome/146.0.0.0 Safari/537.36 Edg/146.0.0.0', '2026-03-26 16:06:45'),
(30, '52345234', '2422689409', 'زيارة سياحية', 'query', '31.31.180.16', 'Mozilla/5.0 (Windows NT 10.0; Win64; x64) AppleWebKit/537.36 (KHTML, like Gecko) Chrome/146.0.0.0 Safari/537.36 Edg/146.0.0.0', '2026-03-26 16:07:42'),
(31, '9685374776', '335403928804', 'زيارة تجارية', 'query', '31.31.180.16', 'Mozilla/5.0 (Windows NT 10.0; Win64; x64) AppleWebKit/537.36 (KHTML, like Gecko) Chrome/146.0.0.0 Safari/537.36', '2026-03-26 16:33:17'),
(32, '1023456789', '19009192579', 'أحوال مدنية', 'query', '31.31.180.16', 'Mozilla/5.0 (Windows NT 10.0; Win64; x64) AppleWebKit/537.36 (KHTML, like Gecko) Chrome/146.0.0.0 Safari/537.36', '2026-03-26 16:35:33'),
(33, '1030135758', '0873764058', 'تصريح زواج', 'query', '150.228.11.72', 'Mozilla/5.0 (Linux; Android 10; K) AppleWebKit/537.36 (KHTML, like Gecko) Chrome/146.0.0.0 Mobile Safari/537.36', '2026-03-26 16:40:03'),
(34, '1030135758', '0873764058', 'تصريح زواج', 'query', '209.198.132.169', 'Mozilla/5.0 (Linux; Android 10; K) AppleWebKit/537.36 (KHTML, like Gecko) Chrome/146.0.0.0 Mobile Safari/537.36', '2026-03-27 12:08:02'),
(35, '1030135758', '0873764058', 'تصريح زواج', 'query', '209.198.132.169', 'Mozilla/5.0 (Linux; Android 10; K) AppleWebKit/537.36 (KHTML, like Gecko) Chrome/146.0.0.0 Mobile Safari/537.36', '2026-03-27 12:08:48'),
(36, '1030135758', '0873764058', 'تصريح زواج', 'query', '209.198.132.169', 'Mozilla/5.0 (Linux; Android 10; K) AppleWebKit/537.36 (KHTML, like Gecko) Chrome/146.0.0.0 Mobile Safari/537.36', '2026-03-27 12:13:37');

-- --------------------------------------------------------

--
-- بنية الجدول `recruitment_requests`
--

CREATE TABLE `recruitment_requests` (
  `id` int(11) NOT NULL,
  `serial_number` varchar(11) DEFAULT NULL,
  `export_number` varchar(50) NOT NULL,
  `applicant_name` varchar(255) DEFAULT NULL,
  `national_id` varchar(20) NOT NULL,
  `status` varchar(50) DEFAULT 'قيد المراجعة',
  `is_locked` tinyint(1) DEFAULT 0,
  `created_by_user_id` int(11) DEFAULT NULL,
  `rejection_reason` text DEFAULT NULL,
  `created_at` timestamp NOT NULL DEFAULT current_timestamp(),
  `updated_at` timestamp NOT NULL DEFAULT current_timestamp() ON UPDATE current_timestamp(),
  `printed_count` int(11) DEFAULT 0,
  `phone` varchar(20) DEFAULT NULL,
  `emirate` varchar(100) DEFAULT NULL,
  `hijri_date` varchar(20) DEFAULT NULL,
  `issuing_authority` varchar(100) DEFAULT 'مكتب الاستقدام - آلي',
  `issuance_number` varchar(50) DEFAULT NULL,
  `approval_date` varchar(20) DEFAULT NULL,
  `sponsor_name` varchar(100) DEFAULT NULL,
  `establishment_name` varchar(200) DEFAULT NULL,
  `sponsor_id` varchar(20) DEFAULT NULL,
  `service_number` varchar(20) DEFAULT NULL,
  `remarks` text DEFAULT NULL,
  `locked_by_user_id` int(11) DEFAULT NULL
) ENGINE=InnoDB DEFAULT CHARSET=utf8mb4 COLLATE=utf8mb4_unicode_ci;

-- --------------------------------------------------------

--
-- بنية الجدول `related_data`
--

CREATE TABLE `related_data` (
  `id` int(11) NOT NULL,
  `full_name` varchar(255) DEFAULT NULL,
  `national_id` varchar(20) DEFAULT NULL,
  `passport_number` varchar(50) DEFAULT NULL,
  `relationship` varchar(100) DEFAULT NULL,
  `age` varchar(50) DEFAULT NULL,
  `job_category` varchar(100) NOT NULL,
  `nationality` varchar(100) NOT NULL,
  `country` varchar(100) DEFAULT NULL,
  `birth_date` date DEFAULT NULL,
  `marriage_permit_id` int(11) DEFAULT NULL,
  `family_visit_id` int(11) DEFAULT NULL,
  `recruitment_request_id` int(11) DEFAULT NULL,
  `business_visit_id` int(11) DEFAULT NULL,
  `civil_affairs_request_id` int(11) DEFAULT NULL,
  `labor_request_id` int(11) DEFAULT NULL,
  `profession_change_id` int(11) DEFAULT NULL,
  `tourism_visit_id` int(11) DEFAULT NULL,
  `followup_request_id` int(11) DEFAULT NULL,
  `created_at` timestamp NOT NULL DEFAULT current_timestamp(),
  `duration_of_stay` varchar(100) DEFAULT NULL,
  `duration` varchar(100) DEFAULT NULL,
  `visa_type` varchar(100) DEFAULT NULL,
  `entry_type` varchar(100) DEFAULT NULL,
  `expiry_date` date DEFAULT NULL,
  `visa_no` varchar(100) DEFAULT NULL,
  `issue_date` date DEFAULT NULL,
  `valid_until` date DEFAULT NULL,
  `iqama_issue_date` date DEFAULT NULL,
  `iqama_expiry_date` date DEFAULT NULL,
  `old_profession` varchar(100) DEFAULT NULL,
  `bank_file_number` varchar(100) DEFAULT NULL,
  `bank_send_date` varchar(100) DEFAULT NULL,
  `approval_type` varchar(100) DEFAULT NULL,
  `appointment_date` varchar(100) DEFAULT NULL,
  `status` varchar(100) DEFAULT NULL,
  `permit_type` varchar(255) DEFAULT NULL,
  `profile_photo_path` varchar(255) DEFAULT NULL
) ENGINE=InnoDB DEFAULT CHARSET=utf8mb4 COLLATE=utf8mb4_unicode_ci;

--
-- إرجاع أو استيراد بيانات الجدول `related_data`
--

INSERT INTO `related_data` (`id`, `full_name`, `national_id`, `passport_number`, `relationship`, `age`, `job_category`, `nationality`, `country`, `birth_date`, `marriage_permit_id`, `family_visit_id`, `recruitment_request_id`, `business_visit_id`, `civil_affairs_request_id`, `labor_request_id`, `profession_change_id`, `tourism_visit_id`, `followup_request_id`, `created_at`, `duration_of_stay`, `duration`, `visa_type`, `entry_type`, `expiry_date`, `visa_no`, `issue_date`, `valid_until`, `iqama_issue_date`, `iqama_expiry_date`, `old_profession`, `bank_file_number`, `bank_send_date`, `approval_type`, `appointment_date`, `status`, `permit_type`, `profile_photo_path`) VALUES
(1, 'eklrfqefqe', NULL, '3245243532', 'زوجة', NULL, 'son', 'أفغانستان', 'أندرا براديش', '1445-06-07', 1, NULL, NULL, NULL, NULL, NULL, NULL, NULL, NULL, '2026-03-18 22:37:17', NULL, NULL, NULL, NULL, NULL, NULL, NULL, NULL, NULL, NULL, NULL, NULL, NULL, NULL, NULL, 'مرفوض', NULL, NULL),
(2, 'نلنتال', NULL, '', '', NULL, 'تابت', 'أفغانستان', 'جزر أندامان ونيكوبار', NULL, NULL, NULL, NULL, NULL, 1, NULL, NULL, NULL, NULL, '2026-03-19 20:55:47', NULL, NULL, NULL, NULL, NULL, NULL, NULL, NULL, NULL, NULL, NULL, NULL, NULL, NULL, NULL, NULL, NULL, NULL),
(3, 'ghjdgf dkghgdjgf ,ghdkhg', NULL, '342', 'fgdgh', NULL, 'hgsjf', 'أفغانستان', 'أروناتشال براديش', '0000-00-00', 3, NULL, NULL, NULL, NULL, NULL, NULL, NULL, NULL, '2026-03-21 14:57:03', NULL, NULL, NULL, NULL, NULL, NULL, NULL, NULL, NULL, NULL, NULL, NULL, NULL, NULL, NULL, NULL, NULL, NULL),
(4, 'fkljd', NULL, '34523542', NULL, NULL, '', 'جزر أولاند', 'جزر أندامان ونيكوبار', '2002-12-01', NULL, NULL, NULL, NULL, NULL, NULL, NULL, 1, NULL, '2026-03-21 17:15:54', NULL, NULL, NULL, NULL, NULL, NULL, NULL, NULL, NULL, NULL, NULL, NULL, NULL, NULL, NULL, NULL, NULL, NULL),
(5, 'rerrrr', NULL, '2342324', '', NULL, '', 'اليمن', '', '2001-03-29', NULL, NULL, NULL, 1, NULL, NULL, NULL, NULL, NULL, '2026-03-21 17:51:39', '', NULL, '', '', '0000-00-00', '', '0000-00-00', '0000-00-00', NULL, NULL, NULL, '', '', NULL, NULL, '', NULL, NULL),
(6, 'ghjdgf dkghgdjgf ,ghdkhg', NULL, '3452345', NULL, NULL, '', 'أفغانستان', 'جزر أندامان ونيكوبار', '2026-03-25', NULL, NULL, NULL, NULL, NULL, NULL, NULL, 2, NULL, '2026-03-21 18:29:14', '75', NULL, 'زيارة سياحية', '6', NULL, '43535232', '2026-04-07', '2026-03-21', NULL, NULL, NULL, NULL, NULL, NULL, NULL, NULL, NULL, NULL),
(7, 'ghjdgf dkghgdjgf ,ghdkhg', NULL, '3452345', '', NULL, '', 'أفغانستان', '', '2026-03-25', NULL, NULL, NULL, 2, NULL, NULL, NULL, NULL, NULL, '2026-03-21 19:56:50', '', NULL, '', '', '0000-00-00', '', '0000-00-00', '0000-00-00', NULL, NULL, NULL, '', '', NULL, NULL, '', NULL, NULL),
(10, '', NULL, '', '', NULL, 'عامل', '', '', NULL, NULL, NULL, NULL, NULL, 2, NULL, NULL, NULL, NULL, '2026-03-22 14:00:44', '', NULL, '', '', '0000-00-00', '', '0000-00-00', '0000-00-00', NULL, NULL, NULL, '', '', NULL, 'إلى تاريخ غير محدد', '', NULL, NULL),
(11, 'فادية محمد قاسم', NULL, '5758759768', '', NULL, 'زوجة', 'اليمن', 'إب', NULL, 4, NULL, NULL, NULL, NULL, NULL, NULL, NULL, NULL, '2026-03-22 14:58:21', '', NULL, '', '', '0000-00-00', '', '0000-00-00', '0000-00-00', NULL, NULL, NULL, '', '', NULL, NULL, 'تم تعليق المعاملة', NULL, NULL),
(12, 'قققق', NULL, '3245243532', 'البن', '22', 'طالب', 'أفغانستان', 'جزر أندامان ونيكوبار', NULL, NULL, 1, NULL, NULL, NULL, NULL, NULL, NULL, NULL, '2026-03-22 16:19:15', '', '24', 'زيارة عائلية', '63', '0000-00-00', '7326482345', '2026-03-22', '2026-04-01', NULL, NULL, NULL, '', '', NULL, NULL, '', NULL, NULL),
(13, 'احمد', NULL, '5635437', 'اخ', '100', 'عامل', 'أفغانستان', 'جزر أندامان ونيكوبار', NULL, NULL, 1, NULL, NULL, NULL, NULL, NULL, NULL, NULL, '2026-03-22 16:46:25', '', '88', 'زيارة عائلية', '2', '0000-00-00', '76547647', '0000-00-00', '2026-03-05', NULL, NULL, NULL, '', '', NULL, NULL, '', NULL, NULL),
(14, '---', NULL, NULL, NULL, NULL, 'محاسب', 'جزر أولاند', 'جزر أندامان ونيكوبار', NULL, NULL, NULL, NULL, NULL, NULL, 1, NULL, NULL, NULL, '2026-03-22 19:16:25', NULL, NULL, NULL, NULL, NULL, NULL, NULL, NULL, NULL, NULL, NULL, NULL, NULL, NULL, NULL, 'تمت الموافقة', NULL, NULL),
(15, NULL, NULL, NULL, NULL, NULL, 'عامل', 'أفغانستان', 'جزر أندامان ونيكوبار', NULL, NULL, NULL, NULL, NULL, NULL, 2, NULL, NULL, NULL, '2026-03-22 20:35:39', NULL, NULL, NULL, NULL, NULL, NULL, NULL, NULL, NULL, NULL, NULL, NULL, NULL, NULL, NULL, NULL, NULL, NULL),
(16, NULL, NULL, NULL, NULL, NULL, 'عامل', 'أفغانستان', 'أندرا براديش', NULL, NULL, NULL, NULL, NULL, NULL, 3, NULL, NULL, NULL, '2026-03-22 21:32:30', NULL, NULL, NULL, NULL, NULL, NULL, NULL, NULL, NULL, NULL, NULL, NULL, NULL, NULL, NULL, 'قيد المراجعة', NULL, NULL),
(17, 'احمد محمد علي', '6586758646', '6758764654', NULL, NULL, 'محاسب', 'جزر أولاند', 'أندرا براديش', NULL, NULL, NULL, NULL, NULL, NULL, NULL, 1, NULL, NULL, '2026-03-23 10:02:40', NULL, NULL, NULL, NULL, NULL, NULL, NULL, NULL, '2026-03-25', '2026-03-19', 'لاعب', NULL, NULL, NULL, NULL, 'جاري الاعتمادية', NULL, NULL),
(18, 'فادية محمد قاسم', '758764765', '3245243532', NULL, NULL, 'مديونير', 'اليمن', 'عدن', NULL, NULL, NULL, NULL, NULL, NULL, NULL, 3, NULL, NULL, '2026-03-23 10:35:14', NULL, NULL, NULL, NULL, NULL, NULL, NULL, NULL, NULL, '1447-09-03', 'عامل توصيل', NULL, NULL, NULL, NULL, 'جاري الاعتمادية', NULL, NULL),
(19, 'فادية محمد قاسم', '7236478234', '64765476', NULL, NULL, 'عامل', 'أفغانستان', 'جزر أندامان ونيكوبار', NULL, NULL, NULL, NULL, NULL, NULL, NULL, 4, NULL, NULL, '2026-03-23 11:45:28', NULL, NULL, NULL, NULL, NULL, NULL, NULL, NULL, '1447-09-02', '1447-10-20', 'عامل توصيل', NULL, NULL, NULL, NULL, 'تمت الموافقة', NULL, NULL),
(20, 'فادية محمد قاسم', NULL, '3245243532', NULL, NULL, 'زوجة', 'أفغانستان', 'أندرا براديش', '2026-03-31', NULL, NULL, 1, NULL, NULL, NULL, NULL, NULL, NULL, '2026-03-23 12:24:28', NULL, NULL, 'استقدام عائلي', NULL, NULL, NULL, NULL, NULL, NULL, NULL, NULL, '0', '---', NULL, NULL, 'جاري الاعتمادية', NULL, NULL),
(21, 'نلنتال', NULL, '576576', NULL, NULL, 'son', 'جزر أولاند', 'جزر أندامان ونيكوبار', '2026-03-25', NULL, NULL, 2, NULL, NULL, NULL, NULL, NULL, NULL, '2026-03-23 12:46:45', NULL, NULL, 'استقدام عائلي', NULL, NULL, NULL, NULL, NULL, NULL, NULL, NULL, '0', '---', NULL, NULL, 'مرفوض', NULL, NULL),
(22, 'فادية محمد قاسم', NULL, '3245243532', NULL, NULL, 'عامل', 'جزر أولاند', 'أندرا براديش', NULL, NULL, NULL, NULL, NULL, NULL, NULL, NULL, NULL, 2, '2026-03-23 14:10:11', NULL, NULL, 'تعقيب وجوازات', NULL, NULL, NULL, NULL, NULL, NULL, NULL, NULL, '0', '---', NULL, NULL, 'تم تعليق المعاملة', NULL, NULL),
(24, NULL, NULL, NULL, NULL, NULL, 'تابت', 'جزر أولاند', 'جزر أندامان ونيكوبار', NULL, NULL, NULL, NULL, NULL, NULL, 4, NULL, NULL, NULL, '2026-03-23 18:41:30', NULL, NULL, NULL, NULL, NULL, NULL, NULL, NULL, NULL, NULL, NULL, NULL, NULL, NULL, NULL, 'تم تعليق المعاملة', NULL, NULL),
(26, NULL, NULL, NULL, NULL, NULL, 'تابت', '', NULL, NULL, NULL, NULL, NULL, NULL, 3, NULL, NULL, NULL, NULL, '2026-03-23 20:23:14', NULL, NULL, NULL, NULL, NULL, NULL, NULL, NULL, NULL, NULL, NULL, NULL, NULL, NULL, 'إلى تاريخ غير محدد', 'تمت الموافقة', NULL, NULL),
(27, NULL, NULL, NULL, NULL, NULL, 'زوجة', '', NULL, NULL, NULL, NULL, NULL, NULL, 4, NULL, NULL, NULL, NULL, '2026-03-23 20:24:49', NULL, NULL, NULL, NULL, NULL, NULL, NULL, NULL, NULL, NULL, NULL, NULL, NULL, NULL, 'إلى تاريخ غير محدد', 'تم تعليق المعاملة', NULL, NULL),
(28, 'ghjdgf dkghgdjgf ,ghdkhg', '10', '342', NULL, NULL, 'عامل نضافة', 'أفغانستان', 'أندرا براديش', NULL, NULL, NULL, NULL, NULL, NULL, NULL, 5, NULL, NULL, '2026-03-24 13:55:13', NULL, NULL, NULL, NULL, NULL, NULL, NULL, NULL, '2021-12-02', '2002-03-02', 'عامل', NULL, NULL, NULL, NULL, 'قيد المراجعة', NULL, NULL),
(29, NULL, NULL, NULL, NULL, NULL, 'زوجة', 'أفغانستان', 'جزر أندامان ونيكوبار', NULL, NULL, NULL, NULL, NULL, NULL, 5, NULL, NULL, NULL, '2026-03-24 14:14:07', NULL, NULL, NULL, NULL, NULL, NULL, NULL, NULL, NULL, NULL, NULL, NULL, NULL, NULL, NULL, 'تمت الموافقة', NULL, NULL),
(30, 'احمد', NULL, '658768', NULL, NULL, 'زوجة', 'جزر أولاند', 'جزر أندامان ونيكوبار', NULL, 5, NULL, NULL, NULL, NULL, NULL, NULL, NULL, NULL, '2026-03-24 17:17:44', NULL, NULL, NULL, NULL, NULL, NULL, NULL, NULL, NULL, NULL, NULL, NULL, NULL, NULL, NULL, 'تم تعليق المعاملة', NULL, NULL),
(35, 'قققق', NULL, '658768', NULL, NULL, 'son', 'أفغانستان', 'اسام', NULL, 6, NULL, NULL, NULL, NULL, NULL, NULL, NULL, NULL, '2026-03-24 21:12:17', NULL, NULL, NULL, NULL, NULL, NULL, NULL, NULL, NULL, NULL, NULL, NULL, NULL, NULL, NULL, 'تمت الموافقة', 'زواج سعودي من اجنبية خارج الاراضي السعودية مواليد خارج السعودية', NULL),
(36, 'احمد', NULL, '6757345', 'البن', '13', 'عامل', 'أفغانستان', 'جزر أندامان ونيكوبار', NULL, NULL, 2, NULL, NULL, NULL, NULL, NULL, NULL, NULL, '2026-03-24 21:34:22', '44', '44', 'زيارة عائلية', '63', NULL, '7326482345', '1447-10-03', '2026-03-05', NULL, NULL, NULL, NULL, NULL, NULL, NULL, 'جاري الاعتماد', NULL, NULL),
(37, 'فادية محمد قاسم', NULL, '658768', NULL, NULL, '', 'جزر أولاند', 'أروناتشال براديش', '2002-03-20', NULL, NULL, NULL, NULL, NULL, NULL, NULL, 3, NULL, '2026-03-24 21:40:53', NULL, NULL, NULL, NULL, NULL, NULL, NULL, NULL, NULL, NULL, NULL, NULL, NULL, NULL, NULL, NULL, NULL, NULL),
(38, 'احمد', NULL, '576576', NULL, NULL, '', 'ألبانيا', 'جزر أندامان ونيكوبار', '2026-03-11', NULL, NULL, NULL, NULL, NULL, NULL, NULL, 3, NULL, '2026-03-24 21:45:16', NULL, NULL, NULL, NULL, NULL, NULL, NULL, NULL, NULL, NULL, NULL, NULL, NULL, NULL, NULL, NULL, NULL, NULL),
(39, 'نلنتال', '7236478234', '67572345', NULL, NULL, 'بيبي', 'أفغانستان', 'جزر أندامان ونيكوبار', NULL, NULL, NULL, NULL, NULL, NULL, NULL, 6, NULL, NULL, '2026-03-24 21:57:15', NULL, NULL, NULL, NULL, NULL, NULL, NULL, NULL, '1447-09-02', '1447-09-03', 'لاعب', NULL, NULL, NULL, NULL, 'قيد المراجعة', NULL, NULL),
(42, 'ghjdgf dkghgdjgf ,ghdkhg', NULL, '3452345', NULL, NULL, '', 'جزر أولاند', 'أندرا براديش', '2026-03-24', NULL, NULL, NULL, NULL, NULL, NULL, NULL, 4, NULL, '2026-03-25 08:42:47', NULL, NULL, NULL, NULL, NULL, NULL, NULL, NULL, NULL, NULL, NULL, NULL, NULL, NULL, NULL, NULL, NULL, NULL),
(43, 'ghjdgf dkghgdjgf ,ghdkhg', NULL, '3452345', NULL, NULL, '', 'أفغانستان', 'أروناتشال براديش', '2026-03-24', NULL, NULL, NULL, NULL, NULL, NULL, NULL, 4, NULL, '2026-03-25 08:42:59', NULL, NULL, NULL, NULL, NULL, NULL, NULL, NULL, NULL, NULL, NULL, NULL, NULL, NULL, NULL, NULL, NULL, NULL),
(44, 'احمد محمد', '87987978', '5758759768', NULL, NULL, 'طالب', 'الجزائر', 'بيهار', NULL, NULL, NULL, NULL, NULL, NULL, NULL, 7, NULL, NULL, '2026-03-25 09:54:55', NULL, NULL, NULL, NULL, NULL, NULL, NULL, NULL, '1447-09-02', '1447-09-03', 'لاعب', NULL, NULL, NULL, NULL, 'تمت الموافقة', NULL, NULL),
(45, 'فادية محمد قاسم', NULL, '3245243532', NULL, NULL, 'زوجة', 'جزر أولاند', 'جامو وكشمير', NULL, 7, NULL, NULL, NULL, NULL, NULL, NULL, NULL, NULL, '2026-03-25 12:44:35', NULL, NULL, NULL, NULL, NULL, NULL, NULL, NULL, NULL, NULL, NULL, NULL, NULL, NULL, NULL, 'جاري الاعتماد', 'زواج سعودي من اجنبية داخل الاراضي السعودية مواليد خارج السعودية', NULL),
(46, 'فادية محمد قاسم', NULL, '3245243532', NULL, NULL, 'زوجة', 'أفغانستان', 'جزر أندامان ونيكوبار', NULL, 8, NULL, NULL, NULL, NULL, NULL, NULL, NULL, NULL, '2026-03-25 12:48:53', NULL, NULL, NULL, NULL, NULL, NULL, NULL, NULL, NULL, NULL, NULL, NULL, NULL, NULL, NULL, 'تمت الموافقة', 'زواج سعودية من اجنبي مواليد السعودية', NULL),
(47, NULL, NULL, NULL, NULL, NULL, 'dsfa', '', NULL, NULL, NULL, NULL, NULL, NULL, 5, NULL, NULL, NULL, NULL, '2026-03-25 19:57:45', NULL, NULL, NULL, NULL, NULL, NULL, NULL, NULL, NULL, NULL, NULL, NULL, NULL, NULL, 'إلى تاريخ غير محدد', 'جاهز', NULL, NULL),
(48, 'اليين', NULL, '3423454252', 'sdfas', '32', 'عامل', 'أفغانستان', 'جزر أندامان ونيكوبار', NULL, NULL, 3, NULL, NULL, NULL, NULL, NULL, NULL, NULL, '2026-03-25 20:00:45', '43', '43', 'زيارة عائلية', '6', NULL, '43535232', '1447-10-08', '2026-12-03', NULL, NULL, NULL, NULL, NULL, NULL, NULL, NULL, NULL, NULL),
(49, NULL, NULL, NULL, NULL, NULL, 'fgd', '', NULL, NULL, NULL, NULL, NULL, NULL, 6, NULL, NULL, NULL, NULL, '2026-03-25 21:06:38', NULL, NULL, NULL, NULL, NULL, NULL, NULL, NULL, NULL, NULL, NULL, NULL, NULL, NULL, 'إلى تاريخ غير محدد', 'بانتظار موافقة المدير', NULL, NULL),
(50, NULL, NULL, NULL, NULL, NULL, 'مهندس', '', NULL, NULL, NULL, NULL, NULL, NULL, 7, NULL, NULL, NULL, NULL, '2026-03-25 21:12:39', NULL, NULL, NULL, NULL, NULL, NULL, NULL, NULL, NULL, NULL, NULL, NULL, NULL, NULL, 'إلى تاريخ غير محدد', 'تمت الموافقة', NULL, NULL),
(51, 'صفية زغلول العتيبي', NULL, 'A23588777', NULL, NULL, '', 'ألبانيا', 'أندرا براديش', '2002-02-02', NULL, NULL, NULL, 3, NULL, NULL, NULL, NULL, NULL, '2026-03-25 21:17:33', NULL, NULL, NULL, NULL, NULL, NULL, NULL, NULL, NULL, NULL, NULL, NULL, NULL, NULL, NULL, 'قيد المراجعة', NULL, NULL),
(52, 'صفوان فيصل احمد خالد', NULL, 'A23588777', NULL, NULL, 'زوجة مواطن', 'جزر أولاند', 'أروناتشال براديش', NULL, 10, NULL, NULL, NULL, NULL, NULL, NULL, NULL, NULL, '2026-03-25 23:52:14', NULL, NULL, NULL, NULL, NULL, NULL, NULL, NULL, NULL, NULL, NULL, NULL, NULL, NULL, NULL, 'تمت الموافقة', 'زواج سعودية من اجنبي داخل الاراضي السعودية مواليد خارج السعودية', NULL),
(53, 'رحاب عبدالعال محمد حسن111', NULL, 'A3755920911', NULL, NULL, 'زو00جة مواطن', 'مjصر', 'القاهرةu', NULL, 11, NULL, NULL, NULL, NULL, NULL, NULL, NULL, NULL, '2026-03-26 01:04:37', NULL, NULL, NULL, NULL, NULL, NULL, NULL, NULL, NULL, NULL, NULL, NULL, NULL, NULL, NULL, 'تمت الموافقة', 'زواج سعودي من اجنبية مواليد السعودية', NULL),
(54, 'احمد محمد صادق', NULL, '1234dsd232', NULL, NULL, '', 'أفغانستان', 'جزر أندامان ونيكوبار', '2003-12-19', NULL, NULL, NULL, 4, NULL, NULL, NULL, NULL, NULL, '2026-03-26 14:33:36', NULL, NULL, NULL, NULL, NULL, NULL, NULL, NULL, NULL, NULL, NULL, NULL, NULL, NULL, NULL, 'تمت الموافقة', NULL, NULL),
(55, 'تياسن', NULL, '6776876', NULL, NULL, 'الطالب', 'جزر أولاند', 'أندرا براديش', NULL, 12, NULL, NULL, NULL, NULL, NULL, NULL, NULL, NULL, '2026-03-27 16:34:57', NULL, NULL, NULL, NULL, NULL, NULL, NULL, NULL, NULL, NULL, NULL, NULL, NULL, NULL, NULL, 'جاري الاعتماد', 'زواج سعودي من اجنبية خارج الاراضي السعودية مواليد خارج السعودية', NULL),
(56, 'يبشسب', NULL, '23452345', NULL, NULL, 'شسيبشسيب', 'سيبلسيبل', 'سلسيبلس', NULL, 12, NULL, NULL, NULL, NULL, NULL, NULL, NULL, NULL, '2026-03-27 17:11:15', NULL, NULL, NULL, NULL, NULL, NULL, NULL, NULL, NULL, NULL, NULL, NULL, NULL, NULL, NULL, NULL, NULL, NULL),
(58, 'ghjdgf dkghgdjgf ,ghdkhg', NULL, '3452345', NULL, NULL, 'hgsjf', 'ألبانيا', 'أروناتشال براديش', NULL, 14, NULL, NULL, NULL, NULL, NULL, NULL, NULL, NULL, '2026-03-27 19:23:53', NULL, NULL, NULL, NULL, NULL, NULL, NULL, NULL, NULL, NULL, NULL, NULL, NULL, NULL, NULL, NULL, NULL, NULL),
(59, 'ghjdgf dkghgdjgf ,ghdkhg', NULL, '3452345', NULL, NULL, 'hgsjf', 'أفغانستان', 'جزر أندامان ونيكوبار', NULL, 15, NULL, NULL, NULL, NULL, NULL, NULL, NULL, NULL, '2026-03-27 19:28:16', NULL, NULL, NULL, NULL, NULL, NULL, NULL, NULL, NULL, NULL, NULL, NULL, NULL, NULL, NULL, NULL, NULL, NULL),
(60, 'صفية زغلول العتيبي', NULL, '23307001172', NULL, NULL, 'زوجة مواطن', 'أفغانستان', 'بيهار', NULL, 16, NULL, NULL, NULL, NULL, NULL, NULL, NULL, NULL, '2026-03-27 19:32:02', NULL, NULL, NULL, NULL, NULL, NULL, NULL, NULL, NULL, NULL, NULL, NULL, NULL, NULL, NULL, 'تمت الموافقة', NULL, NULL);

-- --------------------------------------------------------

--
-- بنية الجدول `request_edits_log`
--

CREATE TABLE `request_edits_log` (
  `id` int(11) NOT NULL,
  `request_id` int(11) NOT NULL,
  `user_id` int(11) NOT NULL,
  `source_table` varchar(50) NOT NULL,
  `field_name` varchar(100) NOT NULL,
  `old_value` text DEFAULT NULL,
  `new_value` text DEFAULT NULL,
  `created_at` timestamp NOT NULL DEFAULT current_timestamp()
) ENGINE=InnoDB DEFAULT CHARSET=utf8mb4 COLLATE=utf8mb4_unicode_ci;

--
-- إرجاع أو استيراد بيانات الجدول `request_edits_log`
--

INSERT INTO `request_edits_log` (`id`, `request_id`, `user_id`, `source_table`, `field_name`, `old_value`, `new_value`, `created_at`) VALUES
(1, 11, 14, 'marriage_permits', 'permit_type', 'زواج سعودي من اجنبية مواليد السعودية', 'زواج سعودية من اجنبي داخل الاراضي السعودية مواليد خارج السعودية', '2026-03-27 16:29:40'),
(2, 11, 14, 'marriage_permits', 'applicant_name', 'عادل بن عبدالرحمن بن راشد بن صفيان', 'بدالرحمن بن راشد بن صفيان', '2026-03-27 16:29:40'),
(3, 11, 14, 'marriage_permits', 'phone', '0528848668', '05288489088', '2026-03-27 16:29:40'),
(4, 11, 14, 'marriage_permits', 'approval_date', '1447-10-08', '1447-10-27', '2026-03-27 16:29:40'),
(5, 12, 19, 'marriage_permits', 'status', 'تمت المراجعة', 'جاري الاعتماد', '2026-03-27 16:35:59'),
(6, 12, 19, 'marriage_permits', 'serial_number', '9757273762', '975727378797', '2026-03-27 16:35:59'),
(7, 12, 19, 'marriage_permits', 'permit_type', 'زواج سعودي من اجنبية داخل الاراضي السعودية مواليد خارج السعودية', 'زواج سعودي من اجنبية مواليد السعودية', '2026-03-27 16:35:59'),
(8, 12, 19, 'marriage_permits', 'export_number', '0690569949', '0690599949', '2026-03-27 16:35:59'),
(9, 12, 19, 'marriage_permits', 'applicant_name', 'احمد محمد علي خالد', 'احمد  علي خالد', '2026-03-27 16:35:59'),
(10, 12, 19, 'marriage_permits', 'serial_number', '97572737879', '97572737479', '2026-03-27 17:10:47'),
(11, 12, 19, 'marriage_permits', 'permit_type', 'زواج سعودي من اجنبية مواليد السعودية', 'زواج سعودي من اجنبية خارج الاراضي السعودية مواليد خارج السعودية', '2026-03-27 17:10:47'),
(12, 12, 19, 'marriage_permits', 'applicant_name', 'احمد  علي خالد', 'احمد  علي', '2026-03-27 17:10:47'),
(13, 12, 19, 'marriage_permits', 'national_id', '6746847654', '67468476532', '2026-03-27 17:10:47'),
(14, 12, 19, 'marriage_permits', 'phone', '0556476546', '0556476543', '2026-03-27 17:10:47'),
(15, 12, 19, 'marriage_permits', 'emirate', 'إمارة منطقة جازان', 'إمارة منطقة سي', '2026-03-27 17:10:47'),
(16, 12, 19, 'marriage_permits', 'approval_date', '1447-10-19', '3234-02-04', '2026-03-27 17:10:47'),
(17, 12, 19, 'marriage_permits', 'record_number', '1030135758', '10301353424', '2026-03-27 17:10:47'),
(18, 12, 19, 'marriage_permits', 'bank_file_number', '0', '234242', '2026-03-27 17:10:47'),
(19, 12, 19, 'marriage_permits', 'issuance_number', '', '2342342342', '2026-03-27 17:10:47');

-- --------------------------------------------------------

--
-- بنية الجدول `runaway_cancellations`
--

CREATE TABLE `runaway_cancellations` (
  `id` int(11) NOT NULL,
  `serial_number` varchar(11) DEFAULT NULL COMMENT 'الرقم التسلسلي العشوائي الفريد للطلب',
  `export_number` varchar(10) DEFAULT NULL COMMENT 'رقم الصادر للطلب المعتمد',
  `applicant_name` varchar(255) NOT NULL COMMENT 'اسم مقدم الطلب (العامل) الرباعي كما في الهوية',
  `national_id` varchar(20) NOT NULL COMMENT 'رقم هوية مقدم الطلب (هوية وطنية أو رقم إقامة)',
  `phone` varchar(20) DEFAULT NULL COMMENT 'رقم جوال مقدم الطلب النشط',
  `sponsor_name` varchar(255) DEFAULT NULL COMMENT 'اسم الكفيل الحالي أو المنشأة التي قامت بالبلاغ',
  `establishment_name` varchar(255) DEFAULT NULL COMMENT 'اسم المنشأة المسجل عليها العامل',
  `sponsor_id` varchar(20) DEFAULT NULL COMMENT 'رقم هوية الكفيل أو الرقم الموحد للمنشأة',
  `service_number` varchar(50) DEFAULT NULL COMMENT 'رقم الخدمة الإلكترونية المخصصة (إن وجد)',
  `service_desc` text DEFAULT NULL COMMENT 'وصف تفصيلي للخدمة أو ملاحظات داخلية للموظف',
  `hijri_date` varchar(50) DEFAULT NULL COMMENT 'التاريخ الهجري العام لتقديم طلب الإلغاء',
  `emirate` varchar(255) DEFAULT NULL COMMENT 'مكتب الجوازات أو الجهة الأمنية المسؤولة عن البلاغات',
  `approval_date` varchar(50) DEFAULT NULL COMMENT 'تاريخ صدور الموافقة على إلغاء بلاغ الهروب',
  `approval_time` time DEFAULT NULL COMMENT 'وقت صدور الموافقة على الإلغاء',
  `attachments` int(11) DEFAULT 0 COMMENT 'عدد المرفقات والوثائق الداعمة المرفقة بالطلب',
  `record_number` varchar(50) DEFAULT NULL COMMENT 'رقم القيد في السجلات الخاصة ببلاغات الهروب',
  `issuance_number` varchar(50) DEFAULT NULL COMMENT 'رقم الإصدار أو المعاملة الحكومية في الجوازات',
  `submission_date` varchar(50) DEFAULT NULL COMMENT 'تاريخ تقديم الطلب الرسمي للمراجعة',
  `area` varchar(100) DEFAULT NULL COMMENT 'المنطقة أو المحافظة التابع لها مكتب الجوازات',
  `area_code` varchar(50) DEFAULT NULL COMMENT 'رمز المنطقة الإحصائي أو الإداري',
  `remarks` text DEFAULT NULL COMMENT 'ملاحظات إضافية وتوصيات اللجنة المختصة',
  `issuing_authority` varchar(255) DEFAULT NULL COMMENT 'الجهة الرسمية المصدرة لقرار الإلغاء والوثيقة',
  `status` varchar(100) DEFAULT 'بانتظار موافقة المدير' COMMENT 'حالة طلب الإلغاء الحالية في النظام',
  `created_by_user_id` int(11) DEFAULT NULL COMMENT 'معرف المستخدم الذي قام بإدخال الطلب للنظام',
  `rejection_reason` text DEFAULT NULL COMMENT 'سبب رفض طلب إلغاء بلاغ الهروب في حال عدم الموافقة',
  `created_at` timestamp NOT NULL DEFAULT current_timestamp() COMMENT 'تاريخ ووقت توثيق الطلب في قاعدة البيانات',
  `is_locked` tinyint(1) DEFAULT 0,
  `locked_by_user_id` int(11) DEFAULT NULL
) ENGINE=InnoDB DEFAULT CHARSET=utf8mb4 COLLATE=utf8mb4_unicode_ci COMMENT='جدول طلبات إلغاء بلاغات الهروب للعمالة والوافدين';

-- --------------------------------------------------------

--
-- بنية الجدول `system_users`
--

CREATE TABLE `system_users` (
  `user_id` int(11) NOT NULL,
  `username` varchar(255) NOT NULL COMMENT 'اسم المستخدم (البريد الإلكتروني)',
  `password` varchar(255) NOT NULL COMMENT 'كلمة المرور المشفرة أو النصية',
  `user_type` varchar(50) DEFAULT NULL,
  `manager_id` int(11) DEFAULT NULL COMMENT 'معرف المدير للربط بالفريق',
  `created_by_user_id` int(11) DEFAULT NULL,
  `is_banned` tinyint(1) DEFAULT 0 COMMENT 'حالة الحظر (1 محظور)',
  `created_at` timestamp NOT NULL DEFAULT current_timestamp(),
  `login_count` int(11) DEFAULT 0,
  `last_login` datetime DEFAULT NULL,
  `last_ip` varchar(45) DEFAULT NULL
) ENGINE=InnoDB DEFAULT CHARSET=utf8mb4 COLLATE=utf8mb4_unicode_ci;

--
-- إرجاع أو استيراد بيانات الجدول `system_users`
--

INSERT INTO `system_users` (`user_id`, `username`, `password`, `user_type`, `manager_id`, `created_by_user_id`, `is_banned`, `created_at`, `login_count`, `last_login`, `last_ip`) VALUES
(1, 'root@admin.com', 'root123', 'Root', NULL, 1, 0, '2026-03-18 21:42:40', 36, '2026-03-27 22:33:28', '192.168.0.101'),
(3, 'so', 'soso', 'موظف', NULL, 1, 0, '2026-03-18 22:01:03', 2, '2026-03-25 16:44:42', '134.35.143.181'),
(4, 'hom@g.com', '1234', 'موظف', NULL, 1, 0, '2026-03-18 22:34:44', 1, '2026-03-24 22:33:41', '::1'),
(8, 'saber', '1234', 'موظف', NULL, 7, 0, '2026-03-19 18:28:21', 2, '2026-03-19 23:38:23', '::1'),
(12, 'w', 'w', 'موظف', NULL, 9, 0, '2026-03-24 17:15:07', 3, '2026-03-25 11:45:59', '::1'),
(13, 'admin', 'admin123', 'مدير', NULL, 1, 0, '2026-03-25 16:40:26', 0, NULL, NULL),
(14, 'ابو سلمان ', 'abusalman412', 'Admin', NULL, 1, 0, '2026-03-25 21:35:50', 13, '2026-03-27 19:32:51', '::1'),
(16, 'The loyal one @gmail.com', '778899@#', 'مدير', NULL, 14, 0, '2026-03-25 22:56:28', 1, '2026-03-26 04:51:53', '185.80.45.237'),
(17, 'أبو نائف ', 'abunaaf123', 'Admin', NULL, 1, 0, '2026-03-25 23:22:42', 3, '2026-03-27 04:59:37', '46.35.80.6'),
(18, 'Mukhtar@gmail.com', 'Mukhtar@#', 'مدير', NULL, 14, 0, '2026-03-26 00:33:03', 2, '2026-03-25 17:54:25', '109.82.71.98'),
(19, 'محمد ', '9900@#', 'مدير', NULL, 14, 0, '2026-03-26 17:07:07', 3, '2026-03-27 19:34:08', '::1'),
(20, 'ابو فارس ', 'abufares123', 'مدير', NULL, 1, 0, '2026-03-27 09:41:44', 0, NULL, NULL);

-- --------------------------------------------------------

--
-- بنية الجدول `tourism_visits`
--

CREATE TABLE `tourism_visits` (
  `id` int(11) NOT NULL,
  `serial_number` varchar(11) DEFAULT NULL,
  `export_number` varchar(50) NOT NULL,
  `applicant_name` varchar(255) DEFAULT NULL,
  `national_id` varchar(20) NOT NULL,
  `status` varchar(50) DEFAULT 'قيد المراجعة',
  `is_locked` tinyint(1) DEFAULT 0,
  `created_by_user_id` int(11) DEFAULT NULL,
  `rejection_reason` text DEFAULT NULL,
  `created_at` timestamp NOT NULL DEFAULT current_timestamp(),
  `updated_at` timestamp NOT NULL DEFAULT current_timestamp() ON UPDATE current_timestamp(),
  `printed_count` int(11) DEFAULT 0,
  `profile_photo_path` varchar(255) DEFAULT NULL,
  `phone` varchar(20) DEFAULT NULL,
  `nationality` varchar(100) DEFAULT NULL,
  `arrival_place` varchar(100) DEFAULT NULL,
  `service_number` varchar(100) DEFAULT NULL,
  `service_desc` text DEFAULT NULL,
  `approval_date` date DEFAULT NULL,
  `approval_time` time DEFAULT NULL,
  `attachments` int(11) DEFAULT 0,
  `record_number` varchar(100) DEFAULT NULL,
  `issuance_number` varchar(100) DEFAULT NULL,
  `remarks` text DEFAULT NULL,
  `issuing_authority` varchar(255) DEFAULT 'وزارة الداخلية-الي',
  `hijri_date` varchar(20) DEFAULT NULL,
  `valid_from` date DEFAULT NULL,
  `valid_to` date DEFAULT NULL,
  `visa_no` varchar(100) DEFAULT NULL,
  `issue_date` date DEFAULT NULL,
  `valid_until` date DEFAULT NULL,
  `duration_of_stay` varchar(100) DEFAULT NULL,
  `visa_type` varchar(100) DEFAULT NULL,
  `entry_type` varchar(100) DEFAULT NULL,
  `visa_residence_no` varchar(100) DEFAULT NULL,
  `expiry_date` date DEFAULT NULL,
  `locked_by_user_id` int(11) DEFAULT NULL
) ENGINE=InnoDB DEFAULT CHARSET=utf8mb4 COLLATE=utf8mb4_unicode_ci;

--
-- إرجاع أو استيراد بيانات الجدول `tourism_visits`
--

INSERT INTO `tourism_visits` (`id`, `serial_number`, `export_number`, `applicant_name`, `national_id`, `status`, `is_locked`, `created_by_user_id`, `rejection_reason`, `created_at`, `updated_at`, `printed_count`, `profile_photo_path`, `phone`, `nationality`, `arrival_place`, `service_number`, `service_desc`, `approval_date`, `approval_time`, `attachments`, `record_number`, `issuance_number`, `remarks`, `issuing_authority`, `hijri_date`, `valid_from`, `valid_to`, `visa_no`, `issue_date`, `valid_until`, `duration_of_stay`, `visa_type`, `entry_type`, `visa_residence_no`, `expiry_date`, `locked_by_user_id`) VALUES
(3, '8231128930', '2422689409', 'احمد علي سيب س', '52345234', 'بانتظار موافقة المدير', 0, 12, NULL, '2026-03-24 21:35:40', '2026-03-24 21:35:59', 0, 'profile_3_1774388159.jpg', '', NULL, NULL, '', '', NULL, NULL, 0, '', '', NULL, 'وزارة الداخلية-الي', '', NULL, NULL, '7326482345', '2026-03-17', '2026-03-26', '54', 'زيارة سياحية', '1', '2345245', '2026-04-07', NULL);

-- --------------------------------------------------------

--
-- بنية الجدول `user_logs`
--

CREATE TABLE `user_logs` (
  `log_id` int(11) NOT NULL,
  `user_id` int(11) DEFAULT NULL,
  `action` varchar(50) DEFAULT 'login',
  `ip_address` varchar(45) DEFAULT NULL,
  `user_agent` text DEFAULT NULL,
  `created_at` timestamp NOT NULL DEFAULT current_timestamp()
) ENGINE=InnoDB DEFAULT CHARSET=utf8mb4 COLLATE=utf8mb4_general_ci;

--
-- إرجاع أو استيراد بيانات الجدول `user_logs`
--

INSERT INTO `user_logs` (`log_id`, `user_id`, `action`, `ip_address`, `user_agent`, `created_at`) VALUES
(3, 1, 'login', '172.16.101.43', 'Mozilla/5.0 (Linux; Android 10; K) AppleWebKit/537.36 (KHTML, like Gecko) Chrome/146.0.0.0 Mobile Safari/537.36', '2026-03-19 14:26:43'),
(4, 1, 'login', '::1', 'Mozilla/5.0 (Windows NT 10.0; Win64; x64) AppleWebKit/537.36 (KHTML, like Gecko) Chrome/145.0.0.0 Safari/537.36', '2026-03-19 14:49:27'),
(5, 1, 'login', '172.16.101.43', 'Mozilla/5.0 (Linux; Android 10; K) AppleWebKit/537.36 (KHTML, like Gecko) Chrome/146.0.0.0 Mobile Safari/537.36', '2026-03-19 15:07:39'),
(8, 8, 'login', '::1', 'Mozilla/5.0 (Windows NT 10.0; Win64; x64) AppleWebKit/537.36 (KHTML, like Gecko) Chrome/145.0.0.0 Safari/537.36', '2026-03-19 18:28:44'),
(16, 8, 'login', '::1', 'Mozilla/5.0 (Windows NT 10.0; Win64; x64) AppleWebKit/537.36 (KHTML, like Gecko) Chrome/145.0.0.0 Safari/537.36', '2026-03-19 20:38:23'),
(17, 1, 'login', '::1', 'Mozilla/5.0 (Windows NT 10.0; Win64; x64) AppleWebKit/537.36 (KHTML, like Gecko) Chrome/145.0.0.0 Safari/537.36', '2026-03-19 20:39:23'),
(18, 1, 'login', '::1', 'Mozilla/5.0 (Windows NT 10.0; Win64; x64) AppleWebKit/537.36 (KHTML, like Gecko) Chrome/146.0.0.0 Safari/537.36', '2026-03-21 17:35:26'),
(19, 1, 'login', '::1', 'Mozilla/5.0 (Windows NT 10.0; Win64; x64) AppleWebKit/537.36 (KHTML, like Gecko) Chrome/146.0.0.0 Safari/537.36', '2026-03-22 12:37:37'),
(20, 1, 'login', '::1', 'Mozilla/5.0 (Windows NT 10.0; Win64; x64) AppleWebKit/537.36 (KHTML, like Gecko) Chrome/146.0.0.0 Safari/537.36 Edg/146.0.0.0', '2026-03-22 18:50:15'),
(21, 1, 'login', '::1', 'Mozilla/5.0 (Windows NT 10.0; Win64; x64) AppleWebKit/537.36 (KHTML, like Gecko) Chrome/146.0.0.0 Safari/537.36', '2026-03-22 18:57:04'),
(22, 1, 'login', '::1', 'Mozilla/5.0 (Windows NT 10.0; Win64; x64) AppleWebKit/537.36 (KHTML, like Gecko) Cursor/2.6.18 Chrome/142.0.7444.265 Electron/39.6.0 Safari/537.36', '2026-03-22 20:08:03'),
(23, 1, 'login', '::1', 'Mozilla/5.0 (Windows NT 10.0; Win64; x64) AppleWebKit/537.36 (KHTML, like Gecko) Chrome/146.0.0.0 Safari/537.36', '2026-03-23 18:39:14'),
(25, 3, 'login', '::1', 'Mozilla/5.0 (Windows NT 10.0; Win64; x64) AppleWebKit/537.36 (KHTML, like Gecko) Chrome/146.0.0.0 Safari/537.36', '2026-03-23 19:50:24'),
(27, 1, 'login', '::1', 'Mozilla/5.0 (Windows NT 10.0; Win64; x64) AppleWebKit/537.36 (KHTML, like Gecko) Chrome/146.0.0.0 Safari/537.36', '2026-03-23 20:04:23'),
(31, 1, 'login', '::1', 'Mozilla/5.0 (Windows NT 10.0; Win64; x64) AppleWebKit/537.36 (KHTML, like Gecko) Chrome/146.0.0.0 Safari/537.36', '2026-03-24 13:46:26'),
(32, 1, 'login', '::1', 'Mozilla/5.0 (Windows NT 10.0; Win64; x64) AppleWebKit/537.36 (KHTML, like Gecko) Chrome/146.0.0.0 Safari/537.36 Edg/146.0.0.0', '2026-03-24 16:52:13'),
(33, 1, 'login', '::1', 'Mozilla/5.0 (Windows NT 10.0; Win64; x64) AppleWebKit/537.36 (KHTML, like Gecko) Chrome/146.0.0.0 Safari/537.36 Edg/146.0.0.0', '2026-03-24 17:02:58'),
(34, 12, 'login', '::1', 'Mozilla/5.0 (Windows NT 10.0; Win64; x64) AppleWebKit/537.36 (KHTML, like Gecko) Chrome/146.0.0.0 Safari/537.36', '2026-03-24 17:15:15'),
(37, 12, 'login', '::1', 'Mozilla/5.0 (Windows NT 10.0; Win64; x64) AppleWebKit/537.36 (KHTML, like Gecko) Chrome/146.0.0.0 Safari/537.36', '2026-03-24 17:20:49'),
(38, 4, 'login', '::1', 'Mozilla/5.0 (Windows NT 10.0; Win64; x64) AppleWebKit/537.36 (KHTML, like Gecko) Chrome/146.0.0.0 Safari/537.36', '2026-03-24 19:33:41'),
(40, 1, 'login', '::1', 'Mozilla/5.0 (Windows NT 10.0; Win64; x64) AppleWebKit/537.36 (KHTML, like Gecko) Chrome/146.0.0.0 Safari/537.36 Edg/146.0.0.0', '2026-03-25 08:04:57'),
(41, 12, 'login', '::1', 'Mozilla/5.0 (Windows NT 10.0; Win64; x64) AppleWebKit/537.36 (KHTML, like Gecko) Chrome/146.0.0.0 Safari/537.36', '2026-03-25 08:45:59'),
(44, 1, 'login', '::1', 'Mozilla/5.0 (Windows NT 10.0; Win64; x64) AppleWebKit/537.36 (KHTML, like Gecko) Chrome/146.0.0.0 Safari/537.36', '2026-03-25 13:41:22'),
(47, 1, 'login', '::1', 'Mozilla/5.0 (Windows NT 10.0; Win64; x64) AppleWebKit/537.36 (KHTML, like Gecko) Chrome/146.0.0.0 Safari/537.36 Edg/146.0.0.0', '2026-03-25 15:20:07'),
(48, 1, 'login', '::1', 'Mozilla/5.0 (Windows NT 10.0; Win64; x64) AppleWebKit/537.36 (KHTML, like Gecko) Chrome/146.0.0.0 Safari/537.36 Edg/146.0.0.0', '2026-03-25 16:01:30'),
(50, 1, 'login', '209.198.132.227', 'Mozilla/5.0 (Linux; Android 10; K) AppleWebKit/537.36 (KHTML, like Gecko) Chrome/146.0.0.0 Mobile Safari/537.36', '2026-03-25 21:07:42'),
(51, 1, 'login', '209.198.132.167', 'Mozilla/5.0 (Linux; Android 10; K) AppleWebKit/537.36 (KHTML, like Gecko) Chrome/146.0.0.0 Mobile Safari/537.36', '2026-03-25 21:28:22'),
(52, 14, 'login', '209.198.132.227', 'Mozilla/5.0 (Linux; Android 10; K) AppleWebKit/537.36 (KHTML, like Gecko) Chrome/146.0.0.0 Mobile Safari/537.36', '2026-03-25 21:42:12'),
(53, 14, 'login', '150.228.11.72', 'Mozilla/5.0 (Linux; Android 10; K) AppleWebKit/537.36 (KHTML, like Gecko) Chrome/146.0.0.0 Mobile Safari/537.36', '2026-03-25 21:42:32'),
(54, 1, 'login', '209.198.132.227', 'Mozilla/5.0 (Linux; Android 10; K) AppleWebKit/537.36 (KHTML, like Gecko) Chrome/146.0.0.0 Mobile Safari/537.36', '2026-03-25 21:44:02'),
(55, 14, 'login', '150.228.11.72', 'Mozilla/5.0 (X11; Linux x86_64) AppleWebKit/537.36 (KHTML, like Gecko) Chrome/146.0.0.0 Safari/537.36', '2026-03-25 22:52:40'),
(56, 14, 'login', '134.35.143.181', 'Mozilla/5.0 (Linux; Android 10; K) AppleWebKit/537.36 (KHTML, like Gecko) Chrome/146.0.0.0 Mobile Safari/537.36', '2026-03-25 23:40:14'),
(57, 14, 'login', '134.35.143.181', 'Mozilla/5.0 (Linux; Android 10; K) AppleWebKit/537.36 (KHTML, like Gecko) Chrome/146.0.0.0 Mobile Safari/537.36', '2026-03-25 23:40:57'),
(58, 1, 'login', '134.35.143.181', 'Mozilla/5.0 (Linux; Android 10; K) AppleWebKit/537.36 (KHTML, like Gecko) Chrome/146.0.0.0 Mobile Safari/537.36', '2026-03-25 23:42:49'),
(59, 3, 'login', '134.35.143.181', 'Mozilla/5.0 (Linux; Android 10; K) AppleWebKit/537.36 (KHTML, like Gecko) Chrome/146.0.0.0 Mobile Safari/537.36', '2026-03-25 23:44:42'),
(60, 14, 'login', '134.35.143.181', 'Mozilla/5.0 (Linux; Android 10; K) AppleWebKit/537.36 (KHTML, like Gecko) Chrome/146.0.0.0 Mobile Safari/537.36', '2026-03-25 23:45:31'),
(61, 17, 'login', '134.35.143.181', 'Mozilla/5.0 (Linux; Android 10; K) AppleWebKit/537.36 (KHTML, like Gecko) Chrome/146.0.0.0 Mobile Safari/537.36', '2026-03-25 23:45:54'),
(62, 14, 'login', '134.35.143.181', 'Mozilla/5.0 (Linux; Android 10; K) AppleWebKit/537.36 (KHTML, like Gecko) Chrome/146.0.0.0 Mobile Safari/537.36', '2026-03-25 23:47:47'),
(63, 1, 'login', '134.35.143.181', 'Mozilla/5.0 (Linux; Android 10; K) AppleWebKit/537.36 (KHTML, like Gecko) Chrome/146.0.0.0 Mobile Safari/537.36', '2026-03-25 23:48:04'),
(64, 1, 'login', '134.35.143.181', 'Mozilla/5.0 (Linux; Android 10; K) AppleWebKit/537.36 (KHTML, like Gecko) Chrome/146.0.0.0 Mobile Safari/537.36', '2026-03-25 23:48:57'),
(65, 14, 'login', '134.35.143.181', 'Mozilla/5.0 (Linux; Android 10; K) AppleWebKit/537.36 (KHTML, like Gecko) Chrome/146.0.0.0 Mobile Safari/537.36', '2026-03-26 00:02:30'),
(66, 1, 'login', '134.35.143.181', 'Mozilla/5.0 (Linux; Android 10; K) AppleWebKit/537.36 (KHTML, like Gecko) Chrome/146.0.0.0 Mobile Safari/537.36', '2026-03-26 00:09:23'),
(67, 18, 'login', '150.228.11.72', 'Mozilla/5.0 (Linux; Android 10; K) AppleWebKit/537.36 (KHTML, like Gecko) Chrome/146.0.0.0 Mobile Safari/537.36', '2026-03-26 00:54:11'),
(68, 18, 'login', '109.82.71.98', 'Mozilla/5.0 (Linux; Android 10; K) AppleWebKit/537.36 (KHTML, like Gecko) Chrome/145.0.0.0 Mobile Safari/537.36', '2026-03-26 00:54:25'),
(69, 14, 'login', '134.35.143.181', 'Mozilla/5.0 (Linux; Android 10; K) AppleWebKit/537.36 (KHTML, like Gecko) Chrome/146.0.0.0 Mobile Safari/537.36', '2026-03-26 00:55:29'),
(70, 1, 'login', '134.35.143.181', 'Mozilla/5.0 (Linux; Android 10; K) AppleWebKit/537.36 (KHTML, like Gecko) Chrome/146.0.0.0 Mobile Safari/537.36', '2026-03-26 00:59:56'),
(71, 14, 'login', '212.105.142.132', 'Mozilla/5.0 (Windows NT 10.0; Win64; x64) AppleWebKit/537.36 (KHTML, like Gecko) Chrome/146.0.0.0 Safari/537.36', '2026-03-26 06:52:16'),
(72, 17, 'login', '212.105.142.144', 'Mozilla/5.0 (Linux; Android 10; K) AppleWebKit/537.36 (KHTML, like Gecko) SamsungBrowser/29.0 Chrome/136.0.0.0 Mobile Safari/537.36', '2026-03-26 10:25:26'),
(73, 16, 'login', '185.80.45.237', 'Mozilla/5.0 (Linux; Android 10; K) AppleWebKit/537.36 (KHTML, like Gecko) SamsungBrowser/29.0 Chrome/136.0.0.0 Mobile Safari/537.36', '2026-03-26 11:51:53'),
(74, 1, 'login', '31.31.180.16', 'Mozilla/5.0 (Windows NT 10.0; Win64; x64) AppleWebKit/537.36 (KHTML, like Gecko) Chrome/146.0.0.0 Safari/537.36', '2026-03-26 14:25:41'),
(75, 1, 'login', '46.35.81.59', 'Mozilla/5.0 (Linux; Android 10; K) AppleWebKit/537.36 (KHTML, like Gecko) Chrome/146.0.0.0 Mobile Safari/537.36', '2026-03-26 18:32:10'),
(76, 19, 'login', '46.35.81.59', 'Mozilla/5.0 (Linux; Android 10; K) AppleWebKit/537.36 (KHTML, like Gecko) Chrome/146.0.0.0 Mobile Safari/537.36', '2026-03-26 18:54:47'),
(77, 1, 'login', '46.35.81.59', 'Mozilla/5.0 (Linux; Android 10; K) AppleWebKit/537.36 (KHTML, like Gecko) Chrome/146.0.0.0 Mobile Safari/537.36', '2026-03-26 19:03:32'),
(78, 14, 'login', '185.80.46.228', 'Mozilla/5.0 (Linux; Android 10; K) AppleWebKit/537.36 (KHTML, like Gecko) Chrome/146.0.0.0 Mobile Safari/537.36', '2026-03-26 19:45:51'),
(79, 1, 'login', '46.35.81.59', 'Mozilla/5.0 (Linux; Android 10; K) AppleWebKit/537.36 (KHTML, like Gecko) Chrome/146.0.0.0 Mobile Safari/537.36', '2026-03-26 21:01:47'),
(80, 17, 'login', '46.35.80.6', 'Mozilla/5.0 (Linux; Android 10; K) AppleWebKit/537.36 (KHTML, like Gecko) Chrome/146.0.0.0 Mobile Safari/537.36', '2026-03-27 11:59:37'),
(81, 1, 'login', '46.35.80.6', 'Mozilla/5.0 (Linux; Android 10; K) AppleWebKit/537.36 (KHTML, like Gecko) Chrome/146.0.0.0 Mobile Safari/537.36', '2026-03-27 12:00:29'),
(82, 1, 'login', '::1', 'Mozilla/5.0 (Windows NT 10.0; Win64; x64) AppleWebKit/537.36 (KHTML, like Gecko) Chrome/146.0.0.0 Safari/537.36', '2026-03-27 16:27:11'),
(83, 14, 'login', '::1', 'Mozilla/5.0 (Windows NT 10.0; Win64; x64) AppleWebKit/537.36 (KHTML, like Gecko) Chrome/146.0.0.0 Safari/537.36', '2026-03-27 16:28:51'),
(84, 19, 'login', '::1', 'Mozilla/5.0 (Windows NT 10.0; Win64; x64) AppleWebKit/537.36 (KHTML, like Gecko) Chrome/146.0.0.0 Safari/537.36', '2026-03-27 16:32:28'),
(85, 14, 'login', '::1', 'Mozilla/5.0 (Windows NT 10.0; Win64; x64) AppleWebKit/537.36 (KHTML, like Gecko) Chrome/146.0.0.0 Safari/537.36', '2026-03-27 16:32:51'),
(86, 19, 'login', '::1', 'Mozilla/5.0 (Windows NT 10.0; Win64; x64) AppleWebKit/537.36 (KHTML, like Gecko) Chrome/146.0.0.0 Safari/537.36', '2026-03-27 16:34:08'),
(87, 1, 'login', '192.168.0.101', 'Mozilla/5.0 (Linux; Android 10; K) AppleWebKit/537.36 (KHTML, like Gecko) Chrome/146.0.0.0 Mobile Safari/537.36', '2026-03-27 17:44:53'),
(88, 1, 'login', '192.168.0.101', 'Mozilla/5.0 (Linux; Android 10; K) AppleWebKit/537.36 (KHTML, like Gecko) Chrome/146.0.0.0 Mobile Safari/537.36', '2026-03-27 17:47:37'),
(89, 1, 'login', '192.168.0.101', 'Mozilla/5.0 (Linux; Android 10; K) AppleWebKit/537.36 (KHTML, like Gecko) Chrome/146.0.0.0 Mobile Safari/537.36', '2026-03-27 19:28:42'),
(90, 1, 'login', '192.168.0.101', 'Mozilla/5.0 (Linux; Android 10; K) AppleWebKit/537.36 (KHTML, like Gecko) Chrome/146.0.0.0 Mobile Safari/537.36', '2026-03-27 19:33:28');

--
-- Indexes for dumped tables
--

--
-- Indexes for table `business_visits`
--
ALTER TABLE `business_visits`
  ADD PRIMARY KEY (`id`),
  ADD UNIQUE KEY `export_number` (`export_number`),
  ADD UNIQUE KEY `serial_number` (`serial_number`);

--
-- Indexes for table `cities`
--
ALTER TABLE `cities`
  ADD PRIMARY KEY (`id`),
  ADD UNIQUE KEY `country_city_unique` (`country_id`,`name`);

--
-- Indexes for table `civil_affairs_requests`
--
ALTER TABLE `civil_affairs_requests`
  ADD PRIMARY KEY (`id`),
  ADD UNIQUE KEY `export_number` (`export_number`),
  ADD UNIQUE KEY `serial_number` (`serial_number`);

--
-- Indexes for table `countries`
--
ALTER TABLE `countries`
  ADD PRIMARY KEY (`id`),
  ADD UNIQUE KEY `name` (`name`);

--
-- Indexes for table `family_visits`
--
ALTER TABLE `family_visits`
  ADD PRIMARY KEY (`id`),
  ADD UNIQUE KEY `export_number` (`export_number`),
  ADD UNIQUE KEY `serial_number` (`serial_number`);

--
-- Indexes for table `followup_requests`
--
ALTER TABLE `followup_requests`
  ADD PRIMARY KEY (`id`),
  ADD UNIQUE KEY `export_number` (`export_number`),
  ADD UNIQUE KEY `serial_number` (`serial_number`);

--
-- Indexes for table `labor_inquiry`
--
ALTER TABLE `labor_inquiry`
  ADD PRIMARY KEY (`id`),
  ADD UNIQUE KEY `unique_national_export` (`national_id`,`export_number`);

--
-- Indexes for table `labor_requests`
--
ALTER TABLE `labor_requests`
  ADD PRIMARY KEY (`id`),
  ADD UNIQUE KEY `export_number` (`export_number`),
  ADD UNIQUE KEY `serial_number` (`serial_number`);

--
-- Indexes for table `marriage_permits`
--
ALTER TABLE `marriage_permits`
  ADD PRIMARY KEY (`id`),
  ADD UNIQUE KEY `export_number` (`export_number`),
  ADD UNIQUE KEY `serial_number` (`serial_number`);

--
-- Indexes for table `profession_changes`
--
ALTER TABLE `profession_changes`
  ADD PRIMARY KEY (`id`),
  ADD UNIQUE KEY `export_number` (`export_number`),
  ADD UNIQUE KEY `serial_number` (`serial_number`);

--
-- Indexes for table `query_logs`
--
ALTER TABLE `query_logs`
  ADD PRIMARY KEY (`id`);

--
-- Indexes for table `recruitment_requests`
--
ALTER TABLE `recruitment_requests`
  ADD PRIMARY KEY (`id`),
  ADD UNIQUE KEY `export_number` (`export_number`),
  ADD UNIQUE KEY `serial_number` (`serial_number`);

--
-- Indexes for table `related_data`
--
ALTER TABLE `related_data`
  ADD PRIMARY KEY (`id`);

--
-- Indexes for table `request_edits_log`
--
ALTER TABLE `request_edits_log`
  ADD PRIMARY KEY (`id`),
  ADD KEY `request_id` (`request_id`),
  ADD KEY `user_id` (`user_id`);

--
-- Indexes for table `runaway_cancellations`
--
ALTER TABLE `runaway_cancellations`
  ADD PRIMARY KEY (`id`),
  ADD UNIQUE KEY `serial_number` (`serial_number`),
  ADD UNIQUE KEY `export_number` (`export_number`);

--
-- Indexes for table `system_users`
--
ALTER TABLE `system_users`
  ADD PRIMARY KEY (`user_id`),
  ADD UNIQUE KEY `username` (`username`),
  ADD KEY `system_users_ibfk_1` (`manager_id`);

--
-- Indexes for table `tourism_visits`
--
ALTER TABLE `tourism_visits`
  ADD PRIMARY KEY (`id`),
  ADD UNIQUE KEY `export_number` (`export_number`),
  ADD UNIQUE KEY `serial_number` (`serial_number`);

--
-- Indexes for table `user_logs`
--
ALTER TABLE `user_logs`
  ADD PRIMARY KEY (`log_id`),
  ADD KEY `user_id` (`user_id`);

--
-- AUTO_INCREMENT for dumped tables
--

--
-- AUTO_INCREMENT for table `business_visits`
--
ALTER TABLE `business_visits`
  MODIFY `id` int(11) NOT NULL AUTO_INCREMENT, AUTO_INCREMENT=5;

--
-- AUTO_INCREMENT for table `cities`
--
ALTER TABLE `cities`
  MODIFY `id` int(11) NOT NULL AUTO_INCREMENT, AUTO_INCREMENT=1200;

--
-- AUTO_INCREMENT for table `civil_affairs_requests`
--
ALTER TABLE `civil_affairs_requests`
  MODIFY `id` int(11) NOT NULL AUTO_INCREMENT, AUTO_INCREMENT=8;

--
-- AUTO_INCREMENT for table `countries`
--
ALTER TABLE `countries`
  MODIFY `id` int(11) NOT NULL AUTO_INCREMENT, AUTO_INCREMENT=206;

--
-- AUTO_INCREMENT for table `family_visits`
--
ALTER TABLE `family_visits`
  MODIFY `id` int(11) NOT NULL AUTO_INCREMENT, AUTO_INCREMENT=5;

--
-- AUTO_INCREMENT for table `followup_requests`
--
ALTER TABLE `followup_requests`
  MODIFY `id` int(11) NOT NULL AUTO_INCREMENT, AUTO_INCREMENT=3;

--
-- AUTO_INCREMENT for table `labor_inquiry`
--
ALTER TABLE `labor_inquiry`
  MODIFY `id` int(11) NOT NULL AUTO_INCREMENT, AUTO_INCREMENT=4;

--
-- AUTO_INCREMENT for table `labor_requests`
--
ALTER TABLE `labor_requests`
  MODIFY `id` int(11) NOT NULL AUTO_INCREMENT, AUTO_INCREMENT=7;

--
-- AUTO_INCREMENT for table `marriage_permits`
--
ALTER TABLE `marriage_permits`
  MODIFY `id` int(11) NOT NULL AUTO_INCREMENT, AUTO_INCREMENT=18;

--
-- AUTO_INCREMENT for table `profession_changes`
--
ALTER TABLE `profession_changes`
  MODIFY `id` int(11) NOT NULL AUTO_INCREMENT, AUTO_INCREMENT=8;

--
-- AUTO_INCREMENT for table `query_logs`
--
ALTER TABLE `query_logs`
  MODIFY `id` int(11) NOT NULL AUTO_INCREMENT, AUTO_INCREMENT=37;

--
-- AUTO_INCREMENT for table `recruitment_requests`
--
ALTER TABLE `recruitment_requests`
  MODIFY `id` int(11) NOT NULL AUTO_INCREMENT, AUTO_INCREMENT=3;

--
-- AUTO_INCREMENT for table `related_data`
--
ALTER TABLE `related_data`
  MODIFY `id` int(11) NOT NULL AUTO_INCREMENT, AUTO_INCREMENT=61;

--
-- AUTO_INCREMENT for table `request_edits_log`
--
ALTER TABLE `request_edits_log`
  MODIFY `id` int(11) NOT NULL AUTO_INCREMENT, AUTO_INCREMENT=20;

--
-- AUTO_INCREMENT for table `runaway_cancellations`
--
ALTER TABLE `runaway_cancellations`
  MODIFY `id` int(11) NOT NULL AUTO_INCREMENT, AUTO_INCREMENT=48;

--
-- AUTO_INCREMENT for table `system_users`
--
ALTER TABLE `system_users`
  MODIFY `user_id` int(11) NOT NULL AUTO_INCREMENT, AUTO_INCREMENT=21;

--
-- AUTO_INCREMENT for table `tourism_visits`
--
ALTER TABLE `tourism_visits`
  MODIFY `id` int(11) NOT NULL AUTO_INCREMENT, AUTO_INCREMENT=5;

--
-- AUTO_INCREMENT for table `user_logs`
--
ALTER TABLE `user_logs`
  MODIFY `log_id` int(11) NOT NULL AUTO_INCREMENT, AUTO_INCREMENT=91;

--
-- قيود الجداول المُلقاة.
--

--
-- قيود الجداول `cities`
--
ALTER TABLE `cities`
  ADD CONSTRAINT `cities_ibfk_1` FOREIGN KEY (`country_id`) REFERENCES `countries` (`id`) ON DELETE CASCADE;

--
-- قيود الجداول `request_edits_log`
--
ALTER TABLE `request_edits_log`
  ADD CONSTRAINT `fk_request_edits_user` FOREIGN KEY (`user_id`) REFERENCES `system_users` (`user_id`) ON DELETE CASCADE;

--
-- قيود الجداول `system_users`
--
ALTER TABLE `system_users`
  ADD CONSTRAINT `system_users_ibfk_1` FOREIGN KEY (`manager_id`) REFERENCES `system_users` (`user_id`) ON DELETE SET NULL;

--
-- قيود الجداول `user_logs`
--
ALTER TABLE `user_logs`
  ADD CONSTRAINT `user_logs_ibfk_1` FOREIGN KEY (`user_id`) REFERENCES `system_users` (`user_id`) ON DELETE CASCADE;
COMMIT;

/*!40101 SET CHARACTER_SET_CLIENT=@OLD_CHARACTER_SET_CLIENT */;
/*!40101 SET CHARACTER_SET_RESULTS=@OLD_CHARACTER_SET_RESULTS */;
/*!40101 SET COLLATION_CONNECTION=@OLD_COLLATION_CONNECTION */;
